R_ID,Zone,System,Province,Resource,technology,Existing_Cap_MW,Existing_Cap_MWh,cod,status,owner,quota_allocation,New_Build,Inv_Cost_per_MWyr,Inv_Cost_per_MWhyr,capex_mw,Fixed_OM_Cost_per_MWyr,Fixed_OM_Cost_per_MWhyr,Var_OM_Cost_per_MWh,Max_Cap_MW,Min_Power_MW,Ramp_Up_Percentage,Ramp_Dn_Percentage,Commit,Start_Cost_per_MW,Start_Fuel_MMBTU_per_MW,Heat_Rate_MMBTU_per_MWh,Fuel,Up_Time,Down_Time,Eff_Up,Eff_Down,THERM,VRE,STOR,JETP,post_JETP,JETP_r,RE,priority
1,1,jawa_bali,dki_jakarta,pltgu_muara_karang_blok_1__2_,ccgt,1074,0,,operating,pln,,-1,660000,0,0,22800,0,2.23,250,0.3,0.2,0.2,1,80,2,5.78,gas,6,6,1,1,1,0,0,,,,0,
2,1,jawa_bali,dki_jakarta,pltu_muara_karan_4_5_,coal,324,0,,operating,pln,,-1,1360000,0,0,40000,0,0.12,224,0.25,0.04,0.04,1,50,13.7,8.97,coal,24,24,1,1,1,0,0,,,,0,
3,1,jawa_bali,dki_jakarta,pltgu_muara_karang_blok_3_gt,ccgt,300,0,,operating,pln,,-1,660000,0,0,22800,0,2.23,250,0.3,0.2,0.2,1,80,2,5.78,gas,6,6,1,1,1,0,0,,,,0,
4,1,jawa_bali,dki_jakarta,pltd_senayan,diesel,100,0,,operating,pln,,-1,800000,0,0,8000,0,6,50,0.06,0.25,0.25,1,0,2,7.42,diesel,0.5,0.5,1,1,1,0,0,,,,0,
5,1,jawa_bali,dki_jakarta,pltgu_priok_blok_1_2__3,ccgt,1815,0,,operating,pln,,-1,660000,0,0,22800,0,2.23,250,0.3,0.2,0.2,1,80,2,5.78,gas,6,6,1,1,1,0,0,,,,0,
6,1,jawa_bali,dki_jakarta,pltgu_jawa2,ccgt,600,0,,operating,pln,,-1,660000,0,0,22800,0,2.23,250,0.3,0.2,0.2,1,80,2,5.78,gas,6,6,1,1,1,0,0,,,,0,
7,2,jawa_bali,banten,pltu_ipp_lbe,coal,625,0,,operating,ipp,,-1,1360000,0,0,40000,0,0.12,224,0.25,0.04,0.04,1,50,13.7,8.97,coal,24,24,1,1,1,0,0,,,,0,
8,2,jawa_bali,banten,pltu_suralaya_18,coal,3802,0,,operating,pln,,-1,1480000,0,0,54900,0,0.11,1200,0.25,0.05,0.05,1,60,13.7,8.97,coal,24,24,1,1,1,0,0,,,,0,
9,2,jawa_bali,banten,pltu_jawa7,coal,1882,0,,operating,pln,,-1,1480000,0,0,54900,0,0.11,1200,0.25,0.05,0.05,1,60,13.7,8.97,coal,24,24,1,1,1,0,0,,,,0,
10,2,jawa_bali,banten,pltgu_cilegon,ccgt,660,0,,operating,pln,,-1,660000,0,0,22800,0,2.23,250,0.3,0.2,0.2,1,80,2,5.78,gas,6,6,1,1,1,0,0,,,,0,
11,2,jawa_bali,banten,pltu_lontar_13,coal,30,0,,operating,pln,,-1,1600000,0,0,43900,0,0.12,14,0.25,0.035,0.035,1,110,13.7,8.97,coal,24,24,1,1,1,0,0,,,,0,
12,2,jawa_bali,banten,pltu_labuhan_12,coal,560,0,,operating,pln,,-1,1360000,0,0,40000,0,0.12,224,0.25,0.04,0.04,1,50,13.7,8.97,coal,24,24,1,1,1,0,0,,,,0,
13,3,jawa_bali,west_jawa,pltgu_muara_tawar_blok_1__5,ccgt,829,0,,operating,pln,,-1,660000,0,0,22800,0,2.23,250,0.3,0.2,0.2,1,80,2,5.78,gas,6,6,1,1,1,0,0,,,,0,
14,3,jawa_bali,west_jawa,pltg_muara_tawar_blok_2_3_4,gas,1114,0,,operating,pln,,-1,730000,0,0,22500,0,2.23,250,0.3,0.2,0.2,1,24,13.7,9.75,gas,1,1,1,1,1,0,0,,,,0,
15,3,jawa_bali,west_jawa,plta_cirata_18,hydropower,984,0,,operating,pln,,-1,2000000,0,0,36200,0,0.62,180,0,0.5,0.5,0,0,0,10.34,None,0,0,1,1,0,0,0,,,,1,
16,3,jawa_bali,west_jawa,plta_saguling_14,hydropower,698,0,,operating,pln,,-1,2000000,0,0,36200,0,0.62,180,0,0.5,0.5,0,0,0,10.34,None,0,0,1,1,0,0,0,,,,1,
17,3,jawa_bali,west_jawa,plta_ipp_jatiluhur,hydropower,180,0,,operating,ipp,,-1,2000000,0,0,36200,0,0.62,180,0,0.5,0.5,0,0,0,10.34,None,0,0,1,1,0,0,0,,,,1,
18,3,jawa_bali,west_jawa,pltg_ipp_cikarang_listrindo,gas,150,0,,operating,ipp,,-1,730000,0,0,22500,0,2.23,250,0.3,0.2,0.2,1,24,13.7,9.75,gas,1,1,1,1,1,0,0,,,,0,
19,3,jawa_bali,west_jawa,pltgu_ipp_bekasi_power,ccgt,119,0,,operating,ipp,,-1,660000,0,0,22800,0,2.23,250,0.3,0.2,0.2,1,80,2,5.78,gas,6,6,1,1,1,0,0,,,,0,
20,3,jawa_bali,west_jawa,pltu_indramayu_13,coal,870,0,,operating,pln,,-1,1360000,0,0,40000,0,0.12,224,0.25,0.04,0.04,1,50,13.7,8.97,coal,24,24,1,1,1,0,0,,,,0,
21,3,jawa_bali,west_jawa,pltu_pelabuhan_ratu_13,coal,969,0,,operating,pln,,-1,1360000,0,0,40000,0,0.12,224,0.25,0.04,0.04,1,50,13.7,8.97,coal,24,24,1,1,1,0,0,,,,0,
22,3,jawa_bali,west_jawa,plta_rajamandala,hydropower,47,0,,operating,pln,,-1,2200000,0,0,40200,0,0.48,43,0,0.5,0.5,0,0,0,10.34,None,0,0,1,1,0,0,0,,,,1,
23,3,jawa_bali,west_jawa,pltu_ipp_cirebon,coal,660,0,,operating,ipp,,-1,1360000,0,0,40000,0,0.12,224,0.25,0.04,0.04,1,50,13.7,8.97,coal,24,24,1,1,1,0,0,,,,0,
24,4,jawa_bali,central_jawa,plta_jawa_tengah_tersebar_,hydropower,296,0,,operating,pln,,-1,2000000,0,0,36200,0,0.62,180,0,0.5,0.5,0,0,0,10.34,None,0,0,1,1,0,0,0,,,,1,
25,4,jawa_bali,central_jawa,pltp_jawa_tengah_tersebar,geothermal,45,0,,operating,pln,,-1,3440000,0,0,43000,0,0.22,220,0,0.1,0.1,0,0,0,10.34,None,0,0,1,1,1,0,0,,,,1,
26,4,jawa_bali,central_jawa,pltm_jawa_tengah_tersebar,hydropower_mini,9.25,0,,operating,pln,,-1,2590000,0,0,50900,0,0.48,7.2,0,0.5,0.5,0,0,0,10.34,None,0,0,1,1,0,0,0,,,,1,
27,4,jawa_bali,central_jawa,pltgu_tambalorok_blok_1__2,ccgt,810,0,,operating,pln,,-1,660000,0,0,22800,0,2.23,250,0.3,0.2,0.2,1,80,2,5.78,gas,6,6,1,1,1,0,0,,,,0,
28,4,jawa_bali,central_jawa,pltgu_tambaklorok,ccgt,110,0,,operating,pln,,-1,660000,0,0,22800,0,2.23,250,0.3,0.2,0.2,1,80,2,5.78,gas,6,6,1,1,1,0,0,,,,0,
29,4,jawa_bali,central_jawa,pltu_ipp_tanjung_jati_b_14,coal,2644,0,,operating,pln,,-1,1480000,0,0,54900,0,0.11,1200,0.25,0.05,0.05,1,60,13.7,8.97,coal,24,24,1,1,1,0,0,,,,0,
30,4,jawa_bali,central_jawa,pltu_rembang_12,coal,560,0,,operating,pln,,-1,1360000,0,0,40000,0,0.12,224,0.25,0.04,0.04,1,50,13.7,8.97,coal,24,24,1,1,1,0,0,,,,0,
31,4,jawa_bali,central_jawa,pltu_adipala,coal,615,0,,operating,pln,,-1,1360000,0,0,40000,0,0.12,224,0.25,0.04,0.04,1,50,13.7,8.97,coal,24,24,1,1,1,0,0,,,,0,
32,4,jawa_bali,central_jawa,pltu_ipp_cilacap_13,coal,1176,0,,operating,pln,,-1,1480000,0,0,54900,0,0.11,1200,0.25,0.05,0.05,1,60,13.7,8.97,coal,24,24,1,1,1,0,0,,,,0,
33,4,jawa_bali,central_jawa,pltu_jawa_8,coal,945,0,,operating,pln,,-1,1360000,0,0,40000,0,0.12,224,0.25,0.04,0.04,1,50,13.7,8.97,coal,24,24,1,1,1,0,0,,,,0,
34,6,jawa_bali,east_jawa,pltu_tanjung_awarwar_12,coal,646,0,,operating,pln,,-1,1360000,0,0,40000,0,0.12,224,0.25,0.04,0.04,1,50,13.7,8.97,coal,24,24,1,1,1,0,0,,,,0,
35,6,jawa_bali,east_jawa,plta_jawa_timur_tersebar,hydropower,264,0,,operating,pln,,-1,2000000,0,0,36200,0,0.62,180,0,0.5,0.5,0,0,0,10.34,None,0,0,1,1,0,0,0,,,,1,
36,6,jawa_bali,east_jawa,pltgu_gresik_blok_13,ccgt,1400,0,,operating,pln,,-1,660000,0,0,22800,0,2.23,250,0.3,0.2,0.2,1,80,2,5.78,gas,6,6,1,1,1,0,0,,,,0,
37,6,jawa_bali,east_jawa,pltu_gresik_14,coal,493,0,,operating,pln,,-1,1360000,0,0,40000,0,0.12,224,0.25,0.04,0.04,1,50,13.7,8.97,coal,24,24,1,1,1,0,0,,,,0,
38,6,jawa_bali,east_jawa,pltgu_grati_blok_13,ccgt,1394,0,,operating,pln,,-1,660000,0,0,22800,0,2.23,250,0.3,0.2,0.2,1,80,2,5.78,gas,6,6,1,1,1,0,0,,,,0,
39,6,jawa_bali,east_jawa,grati_addon_blok_2,ccgt,183,0,,operating,pln,,-1,660000,0,0,22800,0,2.23,250,0.3,0.2,0.2,1,80,2,5.78,gas,6,6,1,1,1,0,0,,,,0,
40,6,jawa_bali,east_jawa,pltu_paiton_1_29,coal,1355,0,,operating,pln,,-1,1480000,0,0,54900,0,0.11,1200,0.25,0.05,0.05,1,60,13.7,8.97,coal,24,24,1,1,1,0,0,,,,0,
41,6,jawa_bali,east_jawa,pltu_ipp_paiton_35678,coal,3253,0,,operating,ipp,,-1,1480000,0,0,54900,0,0.11,1200,0.25,0.05,0.05,1,60,13.7,8.97,coal,24,24,1,1,1,0,0,,,,0,
42,6,jawa_bali,east_jawa,pltu_pacitan_12,coal,560,0,,operating,pln,,-1,1360000,0,0,40000,0,0.12,224,0.25,0.04,0.04,1,50,13.7,8.97,coal,24,24,1,1,1,0,0,,,,0,
43,7,jawa_bali,bali,pltg_gilimanuk,gas,130,0,,operating,pln,,-1,730000,0,0,22500,0,2.23,250,0.3,0.2,0.2,1,24,13.7,9.75,gas,1,1,1,1,1,0,0,,,,0,
44,7,jawa_bali,bali,pltg_pemaron_12,gas,80,0,,operating,pln,,-1,730000,0,0,22500,0,2.23,250,0.3,0.2,0.2,1,24,13.7,9.75,gas,1,1,1,1,1,0,0,,,,0,
45,7,jawa_bali,bali,pltu_ipp_celukan_bawang_13,coal,80,0,,operating,ipp,,-1,1600000,0,0,43900,0,0.12,14,0.25,0.035,0.035,1,110,13.7,8.97,coal,24,24,1,1,1,0,0,,,,0,
46,7,jawa_bali,bali,pltgdgd_pesenggaran,gas,344,0,,operating,pln,,-1,730000,0,0,22500,0,2.23,250,0.3,0.2,0.2,1,24,13.7,9.75,gas,1,1,1,1,1,0,0,,,,0,
47,1,jawa_bali,dki_jakarta,muara_karang,ccgt,200,0,,construction,pln,0,0,660000,0,0,22800,0,2.23,250,0.3,0.2,0.2,1,80,2,5.78,gas,6,6,1,1,1,0,0,,,,0,
48,1,jawa_bali,dki_jakarta,sunter,trash,35,0,,funding,ipp,0,1,2500000,0,0,125000,0,13.5,1.2,0,1,1,0,0,0,0,None,0,0,1,1,0,0,0,,,,1,
49,1,jawa_bali,dki_jakarta,jawabali_kuota_tersebar,trash,50,0,,plan,ipp,1,1,2500000,0,0,125000,0,13.5,1.2,0,1,1,0,0,0,0,None,0,0,1,1,0,0,0,,,,1,
50,2,jawa_bali,banten,lontar_exp,coal,315,0,,construction,pln,0,0,1360000,0,0,40000,0,0.12,224,0.25,0.04,0.04,1,50,13.7,8.97,coal,24,24,1,1,1,0,0,,,,0,
51,2,jawa_bali,banten,ciktok,hydropower_mini,4.2,0,,construction,ipp,0,0,2590000,0,0,50900,0,0.48,7.2,0,0.5,0.5,0,0,0,10.34,None,0,0,1,1,0,0,0,,,,1,
52,2,jawa_bali,banten,cibareno_1,hydropower_mini,5,0,,plan,ipp,0,1,2590000,0,0,50900,0,0.48,7.2,0,0.5,0.5,0,0,0,10.34,None,0,0,1,1,0,0,0,,,,1,
53,2,jawa_bali,banten,cikamunding,hydropower_mini,6,0,,plan,ipp,0,1,2590000,0,0,50900,0,0.48,7.2,0,0.5,0.5,0,0,0,10.34,None,0,0,1,1,0,0,0,,,,1,
54,2,jawa_bali,banten,jawabali_kuota_tersebar,hydropower_mini,15,0,,plan,ipp,1,1,2200000,0,0,40200,0,0.48,43,0,0.5,0.5,0,0,0,10.34,None,0,0,1,1,0,0,0,,,,1,
55,6,jawa_bali,east_jawa,sepanjang,solar,0.5,0,,plan,pln,0,1,560000,0,0,10000,0,0,50,0,1,1,0,0,0,0,None,0,0,1,1,0,1,0,,,,1,
56,2,jawa_bali,banten,palau_panjang_dedieselisasi,solar,1,0,,plan,ipp,0,1,560000,0,0,10000,0,0,50,0,1,1,0,0,0,0,None,0,0,1,1,0,1,0,,,,1,
57,2,jawa_bali,banten,banten,wind,100,0,,plan,pln,0,1,1280000,0,0,51000,0,0,55,0,1,1,0,0,0,0,None,0,0,1,1,0,1,0,,,,1,
58,2,jawa_bali,banten,jawabali_kuota_tersebar,hydropower_mini,3,0,,plan,ipp,1,1,2590000,0,0,50900,0,0.48,7.2,0,0.5,0.5,0,0,0,10.34,None,0,0,1,1,0,0,0,,,,1,
59,6,jawa_bali,east_jawa,sepanjang,solar,1,0,,plan,pln,0,1,560000,0,0,10000,0,0,50,0,1,1,0,0,0,0,None,0,0,1,1,0,1,0,,,,1,
60,2,jawa_bali,banten,banten,wind,100,0,,plan,pln,0,1,1280000,0,0,51000,0,0,55,0,1,1,0,0,0,0,None,0,0,1,1,0,1,0,,,,1,
61,2,jawa_bali,banten,rawadano_ftp2,geothermal,30,0,,exploration,ipp,0,1,3440000,0,0,43000,0,0.22,220,0,0.1,0.1,0,0,0,10.34,None,0,0,1,1,1,0,0,,,,1,
62,6,jawa_bali,east_jawa,gili_iyang_dedieselisasi,solar,1.6,0,,plan,ipp,0,1,560000,0,0,10000,0,0,50,0,1,1,0,0,0,0,None,0,0,1,1,0,1,0,,,,1,
63,6,jawa_bali,east_jawa,ketapang_dedieselisasi,solar,2,0,,plan,ipp,0,1,560000,0,0,10000,0,0,50,0,1,1,0,0,0,0,None,0,0,1,1,0,1,0,,,,1,
64,2,jawa_bali,banten,jawabali_kuota_tersebar,trash,40,0,,plan,ipp,1,1,2500000,0,0,125000,0,13.5,1.2,0,1,1,0,0,0,0,None,0,0,1,1,0,0,0,,,,1,
65,2,jawa_bali,banten,jawa9,coal,1000,0,,construction,ipp,0,0,1480000,0,0,54900,0,0.11,1200,0.25,0.05,0.05,1,60,13.7,8.97,coal,24,24,1,1,1,0,0,,,,0,
66,6,jawa_bali,east_jawa,raas_dedieselisasi,solar,2.6,0,,plan,ipp,0,1,560000,0,0,10000,0,0,50,0,1,1,0,0,0,0,None,0,0,1,1,0,1,0,,,,1,
67,2,jawa_bali,banten,jawa10,coal,1000,0,,construction,ipp,0,0,1480000,0,0,54900,0,0.11,1200,0.25,0.05,0.05,1,60,13.7,8.97,coal,24,24,1,1,1,0,0,,,,0,
68,2,jawa_bali,banten,rawadano_ftp2,geothermal,80,0,,exploration,ipp,0,1,3440000,0,0,43000,0,0.22,220,0,0.1,0.1,0,0,0,10.34,None,0,0,1,1,1,0,0,,,,1,
69,4,jawa_bali,central_jawa,karimunjawa,solar,3,0,,plan,pln,0,1,560000,0,0,10000,0,0,50,0,1,1,0,0,0,0,None,0,0,1,1,0,1,0,,,,1,
70,6,jawa_bali,east_jawa,sapeken_dedieselisasi,solar,3.2,0,,plan,ipp,0,1,560000,0,0,10000,0,0,50,0,1,1,0,0,0,0,None,0,0,1,1,0,1,0,,,,1,
71,6,jawa_bali,east_jawa,gili_genting_dedieselisasi,solar,3.4,0,,plan,ipp,0,1,560000,0,0,10000,0,0,50,0,1,1,0,0,0,0,None,0,0,1,1,0,1,0,,,,1,
72,2,jawa_bali,banten,jawabali_kuota_tersebar,geothermal,40,0,,plan,ipp,1,1,3440000,0,0,43000,0,0.22,220,0,0.1,0.1,0,0,0,10.34,None,0,0,1,1,1,0,0,,,,1,
73,3,jawa_bali,west_jawa,jatigede_ftp2,hydropower,55,0,,construction,pln,0,0,2000000,0,0,36200,0,0.62,180,0,0.5,0.5,0,0,0,10.34,None,0,0,1,1,0,0,0,,,,1,
74,3,jawa_bali,west_jawa,jatigede_ftp2,hydropower,55,0,,construction,pln,0,0,2000000,0,0,36200,0,0.62,180,0,0.5,0.5,0,0,0,10.34,None,0,0,1,1,0,0,0,,,,1,
75,3,jawa_bali,west_jawa,jawal,ccgt,880,0,,construction,ipp,0,0,660000,0,0,22800,0,2.23,250,0.3,0.2,0.2,1,80,2,5.78,gas,6,6,1,1,1,0,0,,,,0,
76,3,jawa_bali,west_jawa,jawal,ccgt,880,0,,construction,ipp,0,0,660000,0,0,22800,0,2.23,250,0.3,0.2,0.2,1,80,2,5.78,gas,6,6,1,1,1,0,0,,,,0,
77,3,jawa_bali,west_jawa,muara_tawar_addon_blok_2,ccgt,150,0,,construction,pln,0,0,660000,0,0,22800,0,2.23,250,0.3,0.2,0.2,1,80,2,5.78,gas,6,6,1,1,1,0,0,,,,0,
78,3,jawa_bali,west_jawa,cibanteng,hydropower_mini,4.2,0,,construction,ipp,0,0,2590000,0,0,50900,0,0.48,7.2,0,0.5,0.5,0,0,0,10.34,None,0,0,1,1,0,0,0,,,,1,
79,3,jawa_bali,west_jawa,cibuni_mandiri,hydropower_mini,2,0,,construction,ipp,0,0,2590000,0,0,50900,0,0.48,7.2,0,0.5,0.5,0,0,0,10.34,None,0,0,1,1,0,0,0,,,,1,
80,3,jawa_bali,west_jawa,ciherang,hydropower_mini,1.5,0,,construction,ipp,0,0,2590000,0,0,50900,0,0.48,7.2,0,0.5,0.5,0,0,0,10.34,None,0,0,1,1,0,0,0,,,,1,
81,3,jawa_bali,west_jawa,cikaengan,hydropower_mini,5.1,0,,construction,ipp,0,0,2590000,0,0,50900,0,0.48,7.2,0,0.5,0.5,0,0,0,10.34,None,0,0,1,1,0,0,0,,,,1,
82,3,jawa_bali,west_jawa,cikandang,hydropower_mini,6,0,,construction,ipp,0,0,2590000,0,0,50900,0,0.48,7.2,0,0.5,0.5,0,0,0,10.34,None,0,0,1,1,0,0,0,,,,1,
83,3,jawa_bali,west_jawa,cikaso_3,hydropower_mini,9.9,0,,construction,ipp,0,0,2590000,0,0,50900,0,0.48,7.2,0,0.5,0.5,0,0,0,10.34,None,0,0,1,1,0,0,0,,,,1,
84,3,jawa_bali,west_jawa,cileunca,hydropower_mini,1,0,,construction,ipp,0,0,2590000,0,0,50900,0,0.48,7.2,0,0.5,0.5,0,0,0,10.34,None,0,0,1,1,0,0,0,,,,1,
85,3,jawa_bali,west_jawa,muara_tawar_addon_blok_3,ccgt,250,0,,construction,pln,0,0,660000,0,0,22800,0,2.23,250,0.3,0.2,0.2,1,80,2,5.78,gas,6,6,1,1,1,0,0,,,,0,
86,3,jawa_bali,west_jawa,muara_tawar_addon_blok_4,ccgt,250,0,,construction,pln,0,0,660000,0,0,22800,0,2.23,250,0.3,0.2,0.2,1,80,2,5.78,gas,6,6,1,1,1,0,0,,,,0,
87,3,jawa_bali,west_jawa,cibuni,hydropower_mini,3.2,0,,construction,ipp,0,0,2590000,0,0,50900,0,0.48,7.2,0,0.5,0.5,0,0,0,10.34,None,0,0,1,1,0,0,0,,,,1,
88,3,jawa_bali,west_jawa,cikaengan2,hydropower_mini,7.2,0,,construction,ipp,0,0,2590000,0,0,50900,0,0.48,7.2,0,0.5,0.5,0,0,0,10.34,None,0,0,1,1,0,0,0,,,,1,
89,3,jawa_bali,west_jawa,jayamukti,hydropower_mini,2.3,0,,construction,ipp,0,0,2590000,0,0,50900,0,0.48,7.2,0,0.5,0.5,0,0,0,10.34,None,0,0,1,1,0,0,0,,,,1,
90,3,jawa_bali,west_jawa,kertamukti,hydropower_mini,6.3,0,,funding,ipp,0,1,2590000,0,0,50900,0,0.48,7.2,0,0.5,0.5,0,0,0,10.34,None,0,0,1,1,0,0,0,,,,1,
91,3,jawa_bali,west_jawa,pareang,hydropower_mini,2.8,0,,funding,ipp,0,1,2590000,0,0,50900,0,0.48,7.2,0,0.5,0.5,0,0,0,10.34,None,0,0,1,1,0,0,0,,,,1,
92,7,jawa_bali,bali,nusa_penida,solar,3.5,0,,plan,pln,0,1,560000,0,0,10000,0,0,50,0,1,1,0,0,0,0,None,0,0,1,1,0,1,0,,,,1,
93,3,jawa_bali,west_jawa,jawal_ftp2,coal,924,0,,construction,ipp,0,0,1360000,0,0,40000,0,0.12,224,0.25,0.04,0.04,1,50,13.7,8.97,coal,24,24,1,1,1,0,0,,,,0,
94,3,jawa_bali,west_jawa,cimandiri,hydropower_mini,4.4,0,,funding,ipp,0,1,2590000,0,0,50900,0,0.48,7.2,0,0.5,0.5,0,0,0,10.34,None,0,0,1,1,0,0,0,,,,1,
95,3,jawa_bali,west_jawa,jawabali_kuota_tersebar,hydropower_mini,16.7,0,,plan,ipp,1,1,2200000,0,0,40200,0,0.48,43,0,0.5,0.5,0,0,0,10.34,None,0,0,1,1,0,0,0,,,,1,
96,3,jawa_bali,west_jawa,patuha_ftp2,geothermal,55,0,,construction,ipp,0,0,3440000,0,0,43000,0,0.22,220,0,0.1,0.1,0,0,0,10.34,None,0,0,1,1,1,0,0,,,,1,
97,6,jawa_bali,east_jawa,mandangin_dedieselisasi,solar,4,0,,plan,ipp,0,1,560000,0,0,10000,0,0,50,0,1,1,0,0,0,0,None,0,0,1,1,0,1,0,,,,1,
98,3,jawa_bali,west_jawa,jawa_barat,wind,60,0,,plan,ipp,0,1,1280000,0,0,51000,0,0,55,0,1,1,0,0,0,0,None,0,0,1,1,0,1,0,,,,1,
99,3,jawa_bali,west_jawa,jawabali_kuota_tersebar,hydropower_mini,55.8,0,,plan,ipp,1,1,2000000,0,0,36200,0,0.62,180,0,0.5,0.5,0,0,0,10.34,None,0,0,1,1,0,0,0,,,,1,
100,3,jawa_bali,west_jawa,cibuni_ftp2,geothermal,10,0,,exploration,ipp,0,1,3440000,0,0,43000,0,0.22,220,0,0.1,0.1,0,0,0,10.34,None,0,0,1,1,1,0,0,,,,1,
101,6,jawa_bali,east_jawa,bawean,solar,5,0,,plan,pln,0,1,560000,0,0,10000,0,0,50,0,1,1,0,0,0,0,None,0,0,1,1,0,1,0,,,,1,
102,6,jawa_bali,east_jawa,sapudi_dedieselisasi,solar,7.3,0,,plan,ipp,0,1,560000,0,0,10000,0,0,50,0,1,1,0,0,0,0,None,0,0,1,1,0,1,0,,,,1,
103,3,jawa_bali,west_jawa,jawabali_kuota_tersebar,hydropower_mini,7.5,0,,plan,ipp,1,1,2590000,0,0,50900,0,0.48,7.2,0,0.5,0.5,0,0,0,10.34,None,0,0,1,1,0,0,0,,,,1,
104,3,jawa_bali,west_jawa,gunung_salak_7,geothermal,55,0,,exploration,ipp,0,1,3440000,0,0,43000,0,0.22,220,0,0.1,0.1,0,0,0,10.34,None,0,0,1,1,1,0,0,,,,1,
105,3,jawa_bali,west_jawa,gunung_salak_8,geothermal,80,0,,exploration,,,1,3440000,0,0,43000,0,0.22,220,0,0.1,0.1,0,0,0,10.34,None,0,0,1,1,1,0,0,,,,1,
106,3,jawa_bali,west_jawa,gunung_salak_small_scale_binafy,geothermal,15,0,,exploration,ipp,0,1,3440000,0,0,43000,0,0.22,220,0,0.1,0.1,0,0,0,10.34,None,0,0,1,1,1,0,0,,,,1,
107,6,jawa_bali,east_jawa,lisdes,solar,11.9,0,,plan,pln,0,1,560000,0,0,10000,0,0,50,0,1,1,0,0,0,0,None,0,0,1,1,0,1,0,,,,1,
108,6,jawa_bali,east_jawa,kangean_dedieselisasi,solar,16.1,0,,plan,ipp,0,1,560000,0,0,10000,0,0,50,0,1,1,0,0,0,0,None,0,0,1,1,0,1,0,,,,1,
109,3,jawa_bali,west_jawa,jawabali_kuota_tersebar,trash,49,0,,plan,ipp,1,1,2500000,0,0,125000,0,13.5,1.2,0,1,1,0,0,0,0,None,0,0,1,1,0,0,0,,,,1,
110,3,jawa_bali,west_jawa,jawa3_ftp2,coal,660,0,,funding,ipp,0,1,1360000,0,0,40000,0,0.12,224,0.25,0.04,0.04,1,50,13.7,8.97,coal,24,24,1,1,1,0,0,,,,0,
111,3,jawa_bali,west_jawa,upper_cisokan_pump_storage_ftp2,pumped_storage,260,0,,construction,pln,0,0,2000000,0,0,36200,0,0.62,180,0,0.5,0.5,0,0,0,10.34,None,0,0,1,1,0,0,0,,,,1,
112,3,jawa_bali,west_jawa,upper_cisokan_pump_storage,pumped_storage,260,0,,construction,pln,0,0,2000000,0,0,36200,0,0.62,180,0,0.5,0.5,0,0,0,10.34,None,0,0,1,1,0,0,0,,,,1,
113,3,jawa_bali,west_jawa,upper_cisokan_pump_storage_ftp2,pumped_storage,260,0,,construction,pln,0,0,2000000,0,0,36200,0,0.62,180,0,0.5,0.5,0,0,0,10.34,None,0,0,1,1,0,0,0,,,,1,
114,3,jawa_bali,west_jawa,upper_cisokan_pump_storage_ftp2,pumped_storage,260,0,,construction,pln,0,0,2000000,0,0,36200,0,0.62,180,0,0.5,0.5,0,0,0,10.34,None,0,0,1,1,0,0,0,,,,1,
115,3,jawa_bali,west_jawa,jawabali_kuota_tersebar,hydropower,50,0,,plan,ipp,1,1,2000000,0,0,36200,0,0.62,180,0,0.5,0.5,0,0,0,10.34,None,0,0,1,1,0,0,0,,,,1,
116,3,jawa_bali,west_jawa,jawabali_kuota_tersebar,hydropower_mini,11.9,0,,plan,ipp,1,1,2200000,0,0,40200,0,0.48,43,0,0.5,0.5,0,0,0,10.34,None,0,0,1,1,0,0,0,,,,1,
117,3,jawa_bali,west_jawa,patuha_ftp2,geothermal,55,0,,exploration,ipp,0,1,3440000,0,0,43000,0,0.22,220,0,0.1,0.1,0,0,0,10.34,None,0,0,1,1,1,0,0,,,,1,
118,3,jawa_bali,west_jawa,tangkuban_perahu_ftp2,geothermal,20,0,,plan,pln,0,1,3440000,0,0,43000,0,0.22,220,0,0.1,0.1,0,0,0,10.34,None,0,0,1,1,1,0,0,,,,1,
119,3,jawa_bali,west_jawa,tangkuban_perahu_ftp2,geothermal,20,0,,plan,pln,0,1,3440000,0,0,43000,0,0.22,220,0,0.1,0.1,0,0,0,10.34,None,0,0,1,1,1,0,0,,,,1,
120,3,jawa_bali,west_jawa,wayang_windu_3_ftp2,geothermal,60,0,,plan,ipp,0,1,3440000,0,0,43000,0,0.22,220,0,0.1,0.1,0,0,0,10.34,None,0,0,1,1,1,0,0,,,,1,
121,3,jawa_bali,west_jawa,jawa3_ftp2,coal,660,0,,funding,ipp,0,1,1360000,0,0,40000,0,0.12,224,0.25,0.04,0.04,1,50,13.7,8.97,coal,24,24,1,1,1,0,0,,,,0,
122,2,jawa_bali,banten,jawabali_kuota_tersebar,solar,20,0,,plan,pln,1,1,560000,0,0,10000,0,0,50,0,1,1,0,0,0,0,None,0,0,1,1,0,1,0,,,,1,
123,2,jawa_bali,banten,jawabali_kuota_tersebar,solar,20,0,,plan,ipp,1,1,560000,0,0,10000,0,0,50,0,1,1,0,0,0,0,None,0,0,1,1,0,1,0,,,,1,
124,3,jawa_bali,west_jawa,jawabali_kuota_tersebar,pumped_storage,760,0,,plan,ipp,1,1,2000000,0,0,36200,0,0.62,180,0,0.5,0.5,0,0,0,10.34,None,0,0,1,1,0,0,0,,,,1,
125,3,jawa_bali,west_jawa,cisolokcisukarame_ftp2,geothermal,20,0,,plan,ipp,0,1,3440000,0,0,43000,0,0.22,220,0,0.1,0.1,0,0,0,10.34,None,0,0,1,1,1,0,0,,,,1,
126,3,jawa_bali,west_jawa,jawabali_kuota_tersebar,geothermal,290,0,,plan,ipp,1,1,3440000,0,0,43000,0,0.22,220,0,0.1,0.1,0,0,0,10.34,None,0,0,1,1,1,0,0,,,,1,
127,3,jawa_bali,west_jawa,tampomas_ftp2,geothermal,45,0,,plan,ipp,0,1,3440000,0,0,43000,0,0.22,220,0,0.1,0.1,0,0,0,10.34,None,0,0,1,1,1,0,0,,,,1,
128,4,jawa_bali,central_jawa,jawabali_1,ccgt,779,0,,construction,pln,0,0,660000,0,0,22800,0,2.23,250,0.3,0.2,0.2,1,80,2,5.78,gas,6,6,1,1,1,0,0,,,,0,
129,4,jawa_bali,central_jawa,gunung_wugul,hydropower_mini,3,0,,plan,ipp,0,1,2590000,0,0,50900,0,0.48,7.2,0,0.5,0.5,0,0,0,10.34,None,0,0,1,1,0,0,0,,,,1,
130,4,jawa_bali,central_jawa,lambur,hydropower_mini,8,0,,construction,ipp,0,0,2590000,0,0,50900,0,0.48,7.2,0,0.5,0.5,0,0,0,10.34,None,0,0,1,1,0,0,0,,,,1,
131,4,jawa_bali,central_jawa,pageruyung_1,hydropower_mini,4.4,0,,construction,ipp,0,0,2590000,0,0,50900,0,0.48,7.2,0,0.5,0.5,0,0,0,10.34,None,0,0,1,1,0,0,0,,,,1,
132,4,jawa_bali,central_jawa,jawa_tengah_ppp,coal,950,0,,construction,ipp,0,0,1360000,0,0,40000,0,0.12,224,0.25,0.04,0.04,1,50,13.7,8.97,coal,24,24,1,1,1,0,0,,,,0,
133,4,jawa_bali,central_jawa,jawa_tengah_ppp,coal,950,0,,construction,ipp,0,0,1360000,0,0,40000,0,0.12,224,0.25,0.04,0.04,1,50,13.7,8.97,coal,24,24,1,1,1,0,0,,,,0,
134,4,jawa_bali,central_jawa,jawa4_ftp2,coal,1000,0,,construction,ipp,0,0,1480000,0,0,54900,0,0.11,1200,0.25,0.05,0.05,1,60,13.7,8.97,coal,24,24,1,1,1,0,0,,,,0,
135,4,jawa_bali,central_jawa,jawa4_ftp2,coal,1000,0,,construction,ipp,0,0,1480000,0,0,54900,0,0.11,1200,0.25,0.05,0.05,1,60,13.7,8.97,coal,24,24,1,1,1,0,0,,,,0,
136,4,jawa_bali,central_jawa,harjosari,hydropower_mini,9.9,0,,construction,ipp,0,0,2590000,0,0,50900,0,0.48,7.2,0,0.5,0.5,0,0,0,10.34,None,0,0,1,1,0,0,0,,,,1,
137,4,jawa_bali,central_jawa,jawabali_kuota_tersebar,hydropower_mini,0.4,0,,procurement,ipp,1,1,2590000,0,0,50900,0,0.48,7.2,0,0.5,0.5,0,0,0,10.34,None,0,0,1,1,0,0,0,,,,1,
138,4,jawa_bali,central_jawa,surakarta,trash,5,0,,construction,ipp,0,0,2500000,0,0,125000,0,13.5,1.2,0,1,1,0,0,0,0,None,0,0,1,1,0,0,0,,,,1,
139,4,jawa_bali,central_jawa,b_anyu_biru,hydropower_mini,0.2,0,,construction,ipp,0,0,2590000,0,0,50900,0,0.48,7.2,0,0.5,0.5,0,0,0,10.34,None,0,0,1,1,0,0,0,,,,1,
140,4,jawa_bali,central_jawa,gerak_serayu,hydropower_mini,5,0,,plan,ipp,0,1,2590000,0,0,50900,0,0.48,7.2,0,0.5,0.5,0,0,0,10.34,None,0,0,1,1,0,0,0,,,,1,
141,4,jawa_bali,central_jawa,jatibarang,hydropower_mini,1.5,0,,plan,ipp,0,1,2590000,0,0,50900,0,0.48,7.2,0,0.5,0.5,0,0,0,10.34,None,0,0,1,1,0,0,0,,,,1,
142,4,jawa_bali,central_jawa,jawabali_kuota_tersebar,hydropower_mini,81.4,0,,plan,ipp,1,1,2000000,0,0,36200,0,0.62,180,0,0.5,0.5,0,0,0,10.34,None,0,0,1,1,0,0,0,,,,1,
143,4,jawa_bali,central_jawa,dieng_ftp2,geothermal,55,0,,construction,ipp,0,0,3440000,0,0,43000,0,0.22,220,0,0.1,0.1,0,0,0,10.34,None,0,0,1,1,1,0,0,,,,1,
144,4,jawa_bali,central_jawa,dieng_small_scale,geothermal,10,0,,funding,ipp,0,1,3440000,0,0,43000,0,0.22,220,0,0.1,0.1,0,0,0,10.34,None,0,0,1,1,1,0,0,,,,1,
145,4,jawa_bali,central_jawa,dieng_small_scale_binary,geothermal,10,0,,funding,ipp,0,1,3440000,0,0,43000,0,0.22,220,0,0.1,0.1,0,0,0,10.34,None,0,0,1,1,1,0,0,,,,1,
146,2,jawa_bali,banten,jawabali_kuota_tersebar,solar,25,0,,plan,pln,1,1,560000,0,0,10000,0,0,50,0,1,1,0,0,0,0,None,0,0,1,1,0,1,0,,,,1,
147,4,jawa_bali,central_jawa,jawabali_kuota_tersebar,hydropower_mini,32.3,0,,plan,ipp,1,1,2200000,0,0,40200,0,0.48,43,0,0.5,0.5,0,0,0,10.34,None,0,0,1,1,0,0,0,,,,1,
148,4,jawa_bali,central_jawa,jawabali_kuota_tersebar,solar,25,0,,plan,ipp,1,1,560000,0,0,10000,0,0,50,0,1,1,0,0,0,0,None,0,0,1,1,0,1,0,,,,1,
149,7,jawa_bali,bali,bali_barat,solar,25,0,,funding,ipp,0,1,560000,0,0,10000,0,0,50,0,1,1,0,0,0,0,None,0,0,1,1,0,1,0,,,,1,
150,4,jawa_bali,central_jawa,jawabali_kuota_tersebar,hydropower_mini,34.4,0,,plan,ipp,1,1,2200000,0,0,40200,0,0.48,43,0,0.5,0.5,0,0,0,10.34,None,0,0,1,1,0,0,0,,,,1,
151,4,jawa_bali,central_jawa,candradimuka,geothermal,40,0,,plan,ipp,0,1,3440000,0,0,43000,0,0.22,220,0,0.1,0.1,0,0,0,10.34,None,0,0,1,1,1,0,0,,,,1,
152,4,jawa_bali,central_jawa,dieng_ftp2,geothermal,55,0,,exploration,ipp,0,1,3440000,0,0,43000,0,0.22,220,0,0.1,0.1,0,0,0,10.34,None,0,0,1,1,1,0,0,,,,1,
153,4,jawa_bali,central_jawa,dieng_ftp2,geothermal,55,0,,exploration,ipp,0,1,3440000,0,0,43000,0,0.22,220,0,0.1,0.1,0,0,0,10.34,None,0,0,1,1,1,0,0,,,,1,
154,4,jawa_bali,central_jawa,jawabali_kuota_tersebar,geothermal,70,0,,plan,ipp,1,1,3440000,0,0,43000,0,0.22,220,0,0.1,0.1,0,0,0,10.34,None,0,0,1,1,1,0,0,,,,1,
155,7,jawa_bali,bali,bali_timur,solar,25,0,,procurement,ipp,0,1,560000,0,0,10000,0,0,50,0,1,1,0,0,0,0,None,0,0,1,1,0,1,0,,,,1,
156,7,jawa_bali,bali,jawabali_kuota_tersebar,solar,25,0,,plan,pln,1,1,560000,0,0,10000,0,0,50,0,1,1,0,0,0,0,None,0,0,1,1,0,1,0,,,,1,
157,4,jawa_bali,central_jawa,jawabali_kuota_tersebar,trash,25,0,,plan,ipp,1,1,2500000,0,0,125000,0,13.5,1.2,0,1,1,0,0,0,0,None,0,0,1,1,0,0,0,,,,1,
158,4,jawa_bali,central_jawa,ungaran_ftp2,geothermal,55,0,,plan,pln,0,1,3440000,0,0,43000,0,0.22,220,0,0.1,0.1,0,0,0,10.34,None,0,0,1,1,1,0,0,,,,1,
159,7,jawa_bali,bali,jawabali_kuota_tersebar,solar,25,0,,plan,ipp,1,1,560000,0,0,10000,0,0,50,0,1,1,0,0,0,0,None,0,0,1,1,0,1,0,,,,1,
160,7,jawa_bali,bali,jawabali_kuota_tersebar,solar,25,0,,plan,ipp,1,1,560000,0,0,10000,0,0,50,0,1,1,0,0,0,0,None,0,0,1,1,0,1,0,,,,1,
161,4,jawa_bali,central_jawa,baturaden_ftp2,geothermal,110,0,,funding,ipp,0,1,3440000,0,0,43000,0,0.22,220,0,0.1,0.1,0,0,0,10.34,None,0,0,1,1,1,0,0,,,,1,
162,7,jawa_bali,bali,jawabali_kuota_tersebar,solar,25,0,,plan,pln,1,1,560000,0,0,10000,0,0,50,0,1,1,0,0,0,0,None,0,0,1,1,0,1,0,,,,1,
163,4,jawa_bali,central_jawa,matenggeng_ps,pumped_storage,235.8,0,,plan,pln,0,1,2000000,0,0,36200,0,0.62,180,0,0.5,0.5,0,0,0,10.34,None,0,0,1,1,0,0,0,,,,1,
164,4,jawa_bali,central_jawa,matenggeng_ps,pumped_storage,235.8,0,,plan,pln,0,1,2000000,0,0,36200,0,0.62,180,0,0.5,0.5,0,0,0,10.34,None,0,0,1,1,0,0,0,,,,1,
165,4,jawa_bali,central_jawa,matenggeng_ps,pumped_storage,235.8,0,,plan,pln,0,1,2000000,0,0,36200,0,0.62,180,0,0.5,0.5,0,0,0,10.34,None,0,0,1,1,0,0,0,,,,1,
166,4,jawa_bali,central_jawa,matenggeng_ps,pumped_storage,235.8,0,,plan,pln,0,1,2000000,0,0,36200,0,0.62,180,0,0.5,0.5,0,0,0,10.34,None,0,0,1,1,0,0,0,,,,1,
167,4,jawa_bali,central_jawa,baturaden_ftp2,geothermal,75,0,,exploration,ipp,0,1,3440000,0,0,43000,0,0.22,220,0,0.1,0.1,0,0,0,10.34,None,0,0,1,1,1,0,0,,,,1,
168,4,jawa_bali,central_jawa,jawabali_kuota_tersebar,geothermal,95,0,,plan,ipp,1,1,3440000,0,0,43000,0,0.22,220,0,0.1,0.1,0,0,0,10.34,None,0,0,1,1,1,0,0,,,,1,
169,2,jawa_bali,banten,jawabali_kuota_tersebar,solar,40,0,,plan,ipp,1,1,560000,0,0,10000,0,0,50,0,1,1,0,0,0,0,None,0,0,1,1,0,1,0,,,,1,
170,4,jawa_bali,central_jawa,jawabali_kuota_tersebar,geothermal,115,0,,exploration,,,1,3440000,0,0,43000,0,0.22,220,0,0.1,0.1,0,0,0,10.34,None,0,0,1,1,1,0,0,,,,1,
171,4,jawa_bali,central_jawa,baturaden_ftp2,geothermal,35,0,,plan,ipp,0,1,3440000,0,0,43000,0,0.22,220,0,0.1,0.1,0,0,0,10.34,None,0,0,1,1,1,0,0,,,,1,
172,4,jawa_bali,central_jawa,guci_ftp2,geothermal,55,0,,plan,ipp,0,1,3440000,0,0,43000,0,0.22,220,0,0.1,0.1,0,0,0,10.34,None,0,0,1,1,1,0,0,,,,1,
173,3,jawa_bali,west_jawa,jawabali_kuota_tersebar,solar,40,0,,plan,ipp,1,1,560000,0,0,10000,0,0,50,0,1,1,0,0,0,0,None,0,0,1,1,0,1,0,,,,1,
174,6,jawa_bali,east_jawa,benowo,trash,9,0,,construction,ipp,0,0,2500000,0,0,125000,0,13.5,1.2,0,1,1,0,0,0,0,None,0,0,1,1,0,0,0,,,,1,
175,6,jawa_bali,east_jawa,kanzy_1,hydropower_mini,2.4,0,,pendanaan,ipp,0,1,2590000,0,0,50900,0,0.48,7.2,0,0.5,0.5,0,0,0,10.34,None,0,0,1,1,0,0,0,,,,1,
176,6,jawa_bali,east_jawa,bayu,hydropower_mini,3.6,0,,pendanaan,ipp,0,1,2590000,0,0,50900,0,0.48,7.2,0,0.5,0.5,0,0,0,10.34,None,0,0,1,1,0,0,0,,,,1,
177,6,jawa_bali,east_jawa,jatimlerek,hydropower_mini,1.7,0,,pengadaan,ipp,0,1,2590000,0,0,50900,0,0.48,7.2,0,0.5,0.5,0,0,0,10.34,None,0,0,1,1,0,0,0,,,,1,
178,6,jawa_bali,east_jawa,sumberarum_2,hydropower_mini,3,0,,pendanaan,ipp,0,1,2590000,0,0,50900,0,0.48,7.2,0,0.5,0.5,0,0,0,10.34,None,0,0,1,1,0,0,0,,,,1,
179,3,jawa_bali,west_jawa,jawabali_kuota_tersebar,solar,40,0,,plan,ipp,1,1,560000,0,0,10000,0,0,50,0,1,1,0,0,0,0,None,0,0,1,1,0,1,0,,,,1,
180,4,jawa_bali,central_jawa,jawabali_kuota_tersebar,solar,40,0,,plan,ipp,1,1,560000,0,0,10000,0,0,50,0,1,1,0,0,0,0,None,0,0,1,1,0,1,0,,,,1,
181,4,jawa_bali,central_jawa,jawabali_kuota_tersebar,solar,40,0,,plan,pln,1,1,560000,0,0,10000,0,0,50,0,1,1,0,0,0,0,None,0,0,1,1,0,1,0,,,,1,
182,2,jawa_bali,banten,jawabali_kuota_tersebar,solar,50,0,,plan,ipp,1,1,560000,0,0,10000,0,0,50,0,1,1,0,0,0,0,None,0,0,1,1,0,1,0,,,,1,
183,2,jawa_bali,banten,jawabali_kuota_tersebar,solar,50,0,,plan,ipp,1,1,560000,0,0,10000,0,0,50,0,1,1,0,0,0,0,None,0,0,1,1,0,1,0,,,,1,
184,4,jawa_bali,central_jawa,jawabali_kuota_tersebar,solar,50,0,,plan,pln,1,1,560000,0,0,10000,0,0,50,0,1,1,0,0,0,0,None,0,0,1,1,0,1,0,,,,1,
185,4,jawa_bali,central_jawa,jawabali_kuota_tersebar,solar,50,0,,plan,ipp,1,1,560000,0,0,10000,0,0,50,0,1,1,0,0,0,0,None,0,0,1,1,0,1,0,,,,1,
186,6,jawa_bali,east_jawa,jawabali_kuota_tersebar,solar,50,0,,plan,pln,1,1,560000,0,0,10000,0,0,50,0,1,1,0,0,0,0,None,0,0,1,1,0,1,0,,,,1,
187,6,jawa_bali,east_jawa,jawabali_kuota_tersebar,solar,50,0,,plan,ipp,1,1,560000,0,0,10000,0,0,50,0,1,1,0,0,0,0,None,0,0,1,1,0,1,0,,,,1,
188,6,jawa_bali,east_jawa,jawabali_kuota_tersebar,solar,50,0,,plan,ipp,1,1,560000,0,0,10000,0,0,50,0,1,1,0,0,0,0,None,0,0,1,1,0,1,0,,,,1,
189,6,jawa_bali,east_jawa,jawabali_kuota_tersebar,hydropower_mini,10.9,0,,plan,ipp,1,1,2200000,0,0,40200,0,0.48,43,0,0.5,0.5,0,0,0,10.34,None,0,0,1,1,0,0,0,,,,1,
190,6,jawa_bali,east_jawa,ijen_ftp2,geothermal,55,0,,exploration,ipp,0,1,3440000,0,0,43000,0,0.22,220,0,0.1,0.1,0,0,0,10.34,None,0,0,1,1,1,0,0,,,,1,
191,6,jawa_bali,east_jawa,jawabali_kuota_tersebar,solar,50,0,,plan,ipp,1,1,560000,0,0,10000,0,0,50,0,1,1,0,0,0,0,None,0,0,1,1,0,1,0,,,,1,
192,6,jawa_bali,east_jawa,jawabali_kuota_tersebar,solar,50,0,,plan,ipp,1,1,560000,0,0,10000,0,0,50,0,1,1,0,0,0,0,None,0,0,1,1,0,1,0,,,,1,
193,6,jawa_bali,east_jawa,jawabali_kuota_tersebar,solar,50,0,,plan,pln,1,1,560000,0,0,10000,0,0,50,0,1,1,0,0,0,0,None,0,0,1,1,0,1,0,,,,1,
194,6,jawa_bali,east_jawa,jawabali_kuota_tersebar,hydropower_mini,33.7,0,,plan,ipp,1,1,2200000,0,0,40200,0,0.48,43,0,0.5,0.5,0,0,0,10.34,None,0,0,1,1,0,0,0,,,,1,
195,3,jawa_bali,west_jawa,jawabali_kuota_tersebar,solar,65,0,,plan,pln,1,1,560000,0,0,10000,0,0,50,0,1,1,0,0,0,0,None,0,0,1,1,0,1,0,,,,1,
196,2,jawa_bali,banten,jawabali_kuota_tersebar,solar,80,0,,plan,pln,1,1,560000,0,0,10000,0,0,50,0,1,1,0,0,0,0,None,0,0,1,1,0,1,0,,,,1,
197,6,jawa_bali,east_jawa,ijen_ftp2,geothermal,55,0,,exploration,ipp,0,1,3440000,0,0,43000,0,0.22,220,0,0.1,0.1,0,0,0,10.34,None,0,0,1,1,1,0,0,,,,1,
198,3,jawa_bali,west_jawa,jawabali_kuota_tersebar,solar,100,0,,plan,pln,1,1,560000,0,0,10000,0,0,50,0,1,1,0,0,0,0,None,0,0,1,1,0,1,0,,,,1,
199,6,jawa_bali,east_jawa,telaga_ngebel_ftp2,geothermal,55,0,,exploration,ipp,0,1,3440000,0,0,43000,0,0.22,220,0,0.1,0.1,0,0,0,10.34,None,0,0,1,1,1,0,0,,,,1,
200,3,jawa_bali,west_jawa,jawabali_kuota_tersebar,solar,100,0,,plan,ipp,1,1,560000,0,0,10000,0,0,50,0,1,1,0,0,0,0,None,0,0,1,1,0,1,0,,,,1,
201,4,jawa_bali,central_jawa,jawabali_kuota_tersebar,solar,100,0,,plan,ipp,1,1,560000,0,0,10000,0,0,50,0,1,1,0,0,0,0,None,0,0,1,1,0,1,0,,,,1,
202,4,jawa_bali,central_jawa,jawabali_kuota_tersebar,solar,100,0,,plan,ipp,1,1,560000,0,0,10000,0,0,50,0,1,1,0,0,0,0,None,0,0,1,1,0,1,0,,,,1,
203,6,jawa_bali,east_jawa,jawabali_kuota_tersebar,solar,100,0,,plan,pln,1,1,560000,0,0,10000,0,0,50,0,1,1,0,0,0,0,None,0,0,1,1,0,1,0,,,,1,
204,6,jawa_bali,east_jawa,jawabali_kuota_tersebar,geothermal,60,0,,plan,ipp,1,1,3440000,0,0,43000,0,0.22,220,0,0.1,0.1,0,0,0,10.34,None,0,0,1,1,1,0,0,,,,1,
205,6,jawa_bali,east_jawa,jawabali_kuota_tersebar,solar,100,0,,plan,ipp,1,1,560000,0,0,10000,0,0,50,0,1,1,0,0,0,0,None,0,0,1,1,0,1,0,,,,1,
206,6,jawa_bali,east_jawa,telaga_ngebel_ftp2,geothermal,55,0,,plan,ipp,0,1,3440000,0,0,43000,0,0.22,220,0,0.1,0.1,0,0,0,10.34,None,0,0,1,1,1,0,0,,,,1,
207,6,jawa_bali,east_jawa,telaga_ngebel_ftp2,geothermal,55,0,,plan,ipp,0,1,3440000,0,0,43000,0,0.22,220,0,0.1,0.1,0,0,0,10.34,None,0,0,1,1,1,0,0,,,,1,
208,6,jawa_bali,east_jawa,grindulu,pumped_storage,250,0,,plan,pln,0,1,2000000,0,0,36200,0,0.62,180,0,0.5,0.5,0,0,0,10.34,None,0,0,1,1,0,0,0,,,,1,
209,6,jawa_bali,east_jawa,grindulu,pumped_storage,250,0,,plan,pln,0,1,2000000,0,0,36200,0,0.62,180,0,0.5,0.5,0,0,0,10.34,None,0,0,1,1,0,0,0,,,,1,
210,6,jawa_bali,east_jawa,grindulu,pumped_storage,250,0,,plan,plin,0,1,2000000,0,0,36200,0,0.62,180,0,0.5,0.5,0,0,0,10.34,None,0,0,1,1,0,0,0,,,,1,
211,6,jawa_bali,east_jawa,grindulu,pumped_storage,250,0,,plan,pln,0,1,2000000,0,0,36200,0,0.62,180,0,0.5,0.5,0,0,0,10.34,None,0,0,1,1,0,0,0,,,,1,
212,6,jawa_bali,east_jawa,jawabali_kuota_tersebar,solar,100,0,,plan,ipp,1,1,560000,0,0,10000,0,0,50,0,1,1,0,0,0,0,None,0,0,1,1,0,1,0,,,,1,
213,7,jawa_bali,bali,bali,ccgt,200,0,,plan,pln,0,1,660000,0,0,22800,0,2.23,250,0.3,0.2,0.2,1,80,2,5.78,gas,6,6,1,1,1,0,0,,,,0,
214,7,jawa_bali,bali,titab,hydropower_mini,1.3,0,,funding,ipp,0,1,2590000,0,0,50900,0,0.48,7.2,0,0.5,0.5,0,0,0,10.34,None,0,0,1,1,0,0,0,,,,1,
215,3,jawa_bali,west_jawa,jawabali_kuota_tersebar,solar,140,0,,plan,ipp,1,1,560000,0,0,10000,0,0,50,0,1,1,0,0,0,0,None,0,0,1,1,0,1,0,,,,1,
216,3,jawa_bali,west_jawa,cirata,solar,145,0,,construction,ipp,0,0,560000,0,0,10000,0,0,50,0,1,1,0,0,0,0,None,0,0,1,1,0,1,0,,,,1,
217,7,jawa_bali,bali,bali,ccgt,100,0,,plan,pln,0,1,660000,0,0,22800,0,2.23,250,0.3,0.2,0.2,1,80,2,5.78,gas,6,6,1,1,1,0,0,,,,0,
218,7,jawa_bali,bali,bedugul,geothermal,10,0,,exploration,ipp,0,1,3440000,0,0,43000,0,0.22,220,0,0.1,0.1,0,0,0,10.34,None,0,0,1,1,1,0,0,,,,1,
219,2,jawa_bali,banten,jawabali_kuota_tersebar,solar,150,0,,plan,ipp,1,1,560000,0,0,10000,0,0,50,0,1,1,0,0,0,0,None,0,0,1,1,0,1,0,,,,1,
220,3,jawa_bali,west_jawa,jawabali_kuota_tersebar,solar,180,0,,plan,pln,1,1,560000,0,0,10000,0,0,50,0,1,1,0,0,0,0,None,0,0,1,1,0,1,0,,,,1,
221,7,jawa_bali,bali,jawabali_kuota_tersebar,trash,19,0,,plan,ipp,1,1,2500000,0,0,125000,0,13.5,1.2,0,1,1,0,0,0,0,None,0,0,1,1,0,0,0,,,,1,
222,4,jawa_bali,central_jawa,jawabali_kuota_tersebar,solar,190,0,,plan,pln,1,1,560000,0,0,10000,0,0,50,0,1,1,0,0,0,0,None,0,0,1,1,0,1,0,,,,1,
223,6,jawa_bali,east_jawa,jawabali_kuota_tersebar,solar,250,0,,plan,pln,1,1,560000,0,0,10000,0,0,50,0,1,1,0,0,0,0,None,0,0,1,1,0,1,0,,,,1,
224,7,jawa_bali,bali,bedugul,geothermal,55,0,,plan,ipp,0,1,3440000,0,0,43000,0,0.22,220,0,0.1,0.1,0,0,0,10.34,None,0,0,1,1,1,0,0,,,,1,
225,4,jawa_bali,central_jawa,PLTP_Dieng_(FTP2),geothermal,55,0,,jetp,,,1,3440000,0,0,43000,0,0.22,220,0,0.1,0.1,0,0,0,10.34,None,0,0,1,1,1,0,0,,,,1,
226,4,jawa_bali,central_jawa,PLTP_Dieng_(FTP2),geothermal,55,0,,jetp,,,1,3440000,0,0,43000,0,0.22,220,0,0.1,0.1,0,0,0,10.34,None,0,0,1,1,1,0,0,,,,1,
227,4,jawa_bali,central_jawa,PLTP_Dieng_(FTP2),geothermal,55,0,,jetp,,,1,3440000,0,0,43000,0,0.22,220,0,0.1,0.1,0,0,0,10.34,None,0,0,1,1,1,0,0,,,,1,
228,4,jawa_bali,central_jawa,HLF_Dieng_(H_1-2),geothermal,55,0,,jetp,,,1,3440000,0,0,43000,0,0.22,220,0,0.1,0.1,0,0,0,10.34,None,0,0,1,1,1,0,0,,,,1,
229,4,jawa_bali,central_jawa,PLTP_Dieng_(FTP2),geothermal,35,0,,jetp,,,1,3440000,0,0,43000,0,0.22,220,0,0.1,0.1,0,0,0,10.34,None,0,0,1,1,1,0,0,,,,1,
230,4,jawa_bali,central_jawa,PLTP_Dieng_(FTP2),geothermal,35,0,,jetp,,,1,3440000,0,0,43000,0,0.22,220,0,0.1,0.1,0,0,0,10.34,None,0,0,1,1,1,0,0,,,,1,
231,6,jawa_bali,east_jawa,PLTP_Patuha_(FTP2),geothermal,55,0,,jetp,,,1,3440000,0,0,43000,0,0.22,220,0,0.1,0.1,0,0,0,10.34,None,0,0,1,1,1,0,0,,,,1,
232,6,jawa_bali,east_jawa,PLTP_Patuha_(FTP2),geothermal,55,0,,jetp,,,1,3440000,0,0,43000,0,0.22,220,0,0.1,0.1,0,0,0,10.34,None,0,0,1,1,1,0,0,,,,1,
233,6,jawa_bali,east_jawa,PLTP_Patuha_(FTP2),geothermal,55,0,,jetp,,,1,3440000,0,0,43000,0,0.22,220,0,0.1,0.1,0,0,0,10.34,None,0,0,1,1,1,0,0,,,,1,
234,6,jawa_bali,east_jawa,PLTP_Patuha_(FTP2),geothermal,55,0,,jetp,,,1,3440000,0,0,43000,0,0.22,220,0,0.1,0.1,0,0,0,10.34,None,0,0,1,1,1,0,0,,,,1,
235,6,jawa_bali,east_jawa,PLTP_Patuha_(FTP2),geothermal,55,0,,jetp,,,1,3440000,0,0,43000,0,0.22,220,0,0.1,0.1,0,0,0,10.34,None,0,0,1,1,1,0,0,,,,1,
236,6,jawa_bali,east_jawa,PLTP_Patuha_(FTP2),geothermal,55,0,,jetp,,,1,3440000,0,0,43000,0,0.22,220,0,0.1,0.1,0,0,0,10.34,None,0,0,1,1,1,0,0,,,,1,
237,3,jawa_bali,west_jawa,PLTP_Wayang_Windu_3_(FTP2),geothermal,40,0,,jetp,,,1,3440000,0,0,43000,0,0.22,220,0,0.1,0.1,0,0,0,10.34,None,0,0,1,1,1,0,0,,,,1,
238,3,jawa_bali,west_jawa,PLTP_Wayang_Windu_4_(FTP2),geothermal,55,0,,jetp,,,1,3440000,0,0,43000,0,0.22,220,0,0.1,0.1,0,0,0,10.34,None,0,0,1,1,1,0,0,,,,1,
239,4,jawa_bali,central_jawa,PLTP_Gunung_Ungaran,geothermal,5,0,,jetp,,,1,3440000,0,0,43000,0,0.22,220,0,0.1,0.1,0,0,0,10.34,None,0,0,1,1,1,0,0,,,,1,
240,2,jawa_bali,banten,PLTP_Kaldera_Danau_Banten,geothermal,110,0,,jetp,,,1,3440000,0,0,43000,0,0.22,220,0,0.1,0.1,0,0,0,10.34,None,0,0,1,1,1,0,0,,,,1,
241,3,jawa_bali,west_jawa,PLTP_Gn_Ciremai,geothermal,27,0,,jetp,,,1,3440000,0,0,43000,0,0.22,220,0,0.1,0.1,0,0,0,10.34,None,0,0,1,1,1,0,0,,,,1,
242,6,jawa_bali,east_jawa,PLTP_Songgoriti,geothermal,35,0,,jetp,,,1,3440000,0,0,43000,0,0.22,220,0,0.1,0.1,0,0,0,10.34,None,0,0,1,1,1,0,0,,,,1,
243,2,jawa_bali,banten,PLTP_Gn_Pandan,geothermal,40,0,,jetp,,,1,3440000,0,0,43000,0,0.22,220,0,0.1,0.1,0,0,0,10.34,None,0,0,1,1,1,0,0,,,,1,
244,6,jawa_bali,east_jawa,PLTP_Gn_Willis,geothermal,50,0,,jetp,,,1,3440000,0,0,43000,0,0.22,220,0,0.1,0.1,0,0,0,10.34,None,0,0,1,1,1,0,0,,,,1,
245,3,jawa_bali,west_jawa,PLTA_(PS)_Jatiluhur,hydropower,760,0,,jetp,,,1,2000000,0,0,36200,0,0.62,180,0,0.5,0.5,0,0,0,10.34,None,0,0,1,1,0,0,0,,,,1,
246,3,jawa_bali,west_jawa,PLTSa_Bandung,trash,29,0,,jetp,,,1,2500000,0,0,125000,0,13.5,1.2,0,1,1,0,0,0,0,None,0,0,1,1,0,0,0,,,,1,
247,3,jawa_bali,west_jawa,PLTSa_Bekasi,trash,12,0,,jetp,,,1,2500000,0,0,125000,0,13.5,1.2,0,1,1,0,0,0,0,None,0,0,1,1,0,0,0,,,,1,
248,2,jawa_bali,banten,PLTSa_Tangerang,trash,35,0,,jetp,,,1,2500000,0,0,125000,0,13.5,1.2,0,1,1,0,0,0,0,None,0,0,1,1,0,0,0,,,,1,
249,2,jawa_bali,banten,PLTSa_Tangerang_Selatan,trash,20,0,,jetp,,,1,2500000,0,0,125000,0,13.5,1.2,0,1,1,0,0,0,0,None,0,0,1,1,0,0,0,,,,1,
250,4,jawa_bali,central_jawa,PLTSa_Semarang,trash,20,0,,jetp,,,1,2500000,0,0,125000,0,13.5,1.2,0,1,1,0,0,0,0,None,0,0,1,1,0,0,0,,,,1,
251,2,jawa_bali,banten,PLTB_NEW_1_PLTB_JETP,wind,375,0,,jetp,,,1,1280000,0,0,51000,0,0,55,0,1,1,0,0,0,0,None,0,0,1,1,0,1,0,,,,1,
252,3,jawa_bali,west_jawa,PLTB_NEW_2_PLTB_JETP,wind,375,0,,jetp,,,1,1280000,0,0,51000,0,0,55,0,1,1,0,0,0,0,None,0,0,1,1,0,1,0,,,,1,
253,3,jawa_bali,west_jawa,PLTB_NEW_2_PLTB_JETP,wind,375,0,,jetp,,,1,1280000,0,0,51000,0,0,55,0,1,1,0,0,0,0,None,0,0,1,1,0,1,0,,,,1,
254,4,jawa_bali,central_jawa,PLTB_NEW_3_PLTB_JETP,wind,375,0,,jetp,,,1,1280000,0,0,51000,0,0,55,0,1,1,0,0,0,0,None,0,0,1,1,0,1,0,,,,1,
255,4,jawa_bali,central_jawa,PLTB_NEW_3_PLTB_JETP,wind,375,0,,jetp,,,1,1280000,0,0,51000,0,0,55,0,1,1,0,0,0,0,None,0,0,1,1,0,1,0,,,,1,
256,6,jawa_bali,east_jawa,PLTB_NEW_4_PLTB_JETP,wind,375,0,,jetp,,,1,1280000,0,0,51000,0,0,55,0,1,1,0,0,0,0,None,0,0,1,1,0,1,0,,,,1,
257,6,jawa_bali,east_jawa,PLTB_NEW_4_PLTB_JETP,wind,375,0,,jetp,,,1,1280000,0,0,51000,0,0,55,0,1,1,0,0,0,0,None,0,0,1,1,0,1,0,,,,1,
258,2,jawa_bali,banten,PLTB_NEW_1_PLTB,wind,100,0,,jetp,,,1,1280000,0,0,51000,0,0,55,0,1,1,0,0,0,0,None,0,0,1,1,0,1,0,,,,1,
259,2,jawa_bali,banten,PLTB_NEW_1_PLTB,wind,100,0,,jetp,,,1,1280000,0,0,51000,0,0,55,0,1,1,0,0,0,0,None,0,0,1,1,0,1,0,,,,1,
260,2,jawa_bali,banten,PLTB_NEW_1_PLTB,wind,100,0,,jetp,,,1,1280000,0,0,51000,0,0,55,0,1,1,0,0,0,0,None,0,0,1,1,0,1,0,,,,1,
261,2,jawa_bali,banten,PLTB_NEW_1_PLTB,wind,100,0,,jetp,,,1,1280000,0,0,51000,0,0,55,0,1,1,0,0,0,0,None,0,0,1,1,0,1,0,,,,1,
262,2,jawa_bali,banten,PLTB_NEW_1_PLTB,wind,100,0,,jetp,,,1,1280000,0,0,51000,0,0,55,0,1,1,0,0,0,0,None,0,0,1,1,0,1,0,,,,1,
263,2,jawa_bali,banten,PLTB_NEW_1_PLTB,wind,100,0,,jetp,,,1,1280000,0,0,51000,0,0,55,0,1,1,0,0,0,0,None,0,0,1,1,0,1,0,,,,1,
264,2,jawa_bali,banten,PLTB_NEW_1_PLTB,wind,100,0,,jetp,,,1,1280000,0,0,51000,0,0,55,0,1,1,0,0,0,0,None,0,0,1,1,0,1,0,,,,1,
265,2,jawa_bali,banten,PLTB_NEW_1_PLTB,wind,100,0,,jetp,,,1,1280000,0,0,51000,0,0,55,0,1,1,0,0,0,0,None,0,0,1,1,0,1,0,,,,1,
266,2,jawa_bali,banten,PLTB_NEW_1_PLTB,wind,100,0,,jetp,,,1,1280000,0,0,51000,0,0,55,0,1,1,0,0,0,0,None,0,0,1,1,0,1,0,,,,1,
267,2,jawa_bali,banten,PLTB_NEW_1_PLTB,wind,100,0,,jetp,,,1,1280000,0,0,51000,0,0,55,0,1,1,0,0,0,0,None,0,0,1,1,0,1,0,,,,1,
268,4,jawa_bali,central_jawa,PLTB_NEW_3_PLTB,wind,100,0,,jetp,,,1,1280000,0,0,51000,0,0,55,0,1,1,0,0,0,0,None,0,0,1,1,0,1,0,,,,1,
269,4,jawa_bali,central_jawa,PLTB_NEW_3_PLTB,wind,100,0,,jetp,,,1,1280000,0,0,51000,0,0,55,0,1,1,0,0,0,0,None,0,0,1,1,0,1,0,,,,1,
270,4,jawa_bali,central_jawa,PLTB_KarimunJava,wind,2.2,0,,jetp,,,1,1280000,0,0,51000,0,0,55,0,1,1,0,0,0,0,None,0,0,1,1,0,1,0,,,,1,
271,6,jawa_bali,east_jawa,PLTS_Sutami_1_Karangkates,solar,100,0,,jetp,,,1,560000,0,0,10000,0,0,50,0,1,1,0,0,0,0,None,0,0,1,1,0,1,0,,,,1,
272,3,jawa_bali,west_jawa,PLTS_Indramayu,solar,100,0,,jetp,,,1,560000,0,0,10000,0,0,50,0,1,1,0,0,0,0,None,0,0,1,1,0,1,0,,,,1,
273,3,jawa_bali,west_jawa,PLTS_Wiaduk_Jatiluhur,solar,100,0,,jetp,,,1,560000,0,0,10000,0,0,50,0,1,1,0,0,0,0,None,0,0,1,1,0,1,0,,,,1,
274,4,jawa_bali,central_jawa,PLTS_Gajahmungkur_(Hijaunesia),solar,100,0,,jetp,,,1,560000,0,0,10000,0,0,50,0,1,1,0,0,0,0,None,0,0,1,1,0,1,0,,,,1,
275,4,jawa_bali,central_jawa,PLTS_Kedung_Ombo_(Hijaunesia),solar,50,0,,jetp,,,1,560000,0,0,10000,0,0,50,0,1,1,0,0,0,0,None,0,0,1,1,0,1,0,,,,1,
276,3,jawa_bali,west_jawa,PLTS_Jatigede_(Hijaunesia),solar,100,0,,jetp,,,1,560000,0,0,10000,0,0,50,0,1,1,0,0,0,0,None,0,0,1,1,0,1,0,,,,1,
277,6,jawa_bali,east_jawa,PLTS_Banyuwangi_(Hijaunesia),solar,100,0,,jetp,,,1,560000,0,0,10000,0,0,50,0,1,1,0,0,0,0,None,0,0,1,1,0,1,0,,,,1,
278,6,jawa_bali,east_jawa,PLTS_Pasuruan_(Hijaunesia),solar,100,0,,jetp,,,1,560000,0,0,10000,0,0,50,0,1,1,0,0,0,0,None,0,0,1,1,0,1,0,,,,1,
279,2,jawa_bali,banten,PLTS_Banten_(Hijaunesia),solar,80,0,,jetp,,,1,560000,0,0,10000,0,0,50,0,1,1,0,0,0,0,None,0,0,1,1,0,1,0,,,,1,
280,3,jawa_bali,west_jawa,PLTS_Jabar_(Hijaunesia),solar,80,0,,jetp,,,1,560000,0,0,10000,0,0,50,0,1,1,0,0,0,0,None,0,0,1,1,0,1,0,,,,1,
281,3,jawa_bali,west_jawa,PLTS_Banjar_(Hljaunesia),solar,100,0,,jetp,,,1,560000,0,0,10000,0,0,50,0,1,1,0,0,0,0,None,0,0,1,1,0,1,0,,,,1,
282,4,jawa_bali,central_jawa,PLTS_Jateng_1_(Hijaunesia),solar,90,0,,jetp,,,1,560000,0,0,10000,0,0,50,0,1,1,0,0,0,0,None,0,0,1,1,0,1,0,,,,1,
283,4,jawa_bali,central_jawa,PLTS_Jateng_2_(Hijaunesia),solar,50,0,,jetp,,,1,560000,0,0,10000,0,0,50,0,1,1,0,0,0,0,None,0,0,1,1,0,1,0,,,,1,
284,6,jawa_bali,east_jawa,PLTS_Guluk_Guluk_(Hijaunesia),solar,50,0,,jetp,,,1,560000,0,0,10000,0,0,50,0,1,1,0,0,0,0,None,0,0,1,1,0,1,0,,,,1,
285,7,jawa_bali,bali,PLTS_Buleleng_(Hijaunesia),solar,50,0,,jetp,,,1,560000,0,0,10000,0,0,50,0,1,1,0,0,0,0,None,0,0,1,1,0,1,0,,,,1,
286,1,jawa_bali,dki_jakarta,dki_jakarta_geothermal_potential_ruen,geothermal,0,0,,potential,,,1,3440000,0,0,43000,0,0.22,220,0,0.1,0.1,0,0,0,10.34,None,0,0,1,1,1,0,0,,,,1,
287,2,jawa_bali,banten,banten_geothermal_potential_ruen,geothermal,365,0,,potential,,,1,3440000,0,0,43000,0,0.22,220,0,0.1,0.1,0,0,0,10.34,None,0,0,1,1,1,0,0,,,,1,
288,3,jawa_bali,west_jawa,west_jawa_geothermal_potential_ruen,geothermal,3765,0,,potential,,,1,3440000,0,0,43000,0,0.22,220,0,0.1,0.1,0,0,0,10.34,None,0,0,1,1,1,0,0,,,,1,
289,4,jawa_bali,central_jawa,central_jawa_geothermal_potential_ruen,geothermal,1344,0,,potential,,,1,3440000,0,0,43000,0,0.22,220,0,0.1,0.1,0,0,0,10.34,None,0,0,1,1,1,0,0,,,,1,
290,5,jawa_bali,yogyakarta,yogyakarta_geothermal_potential_ruen,geothermal,10,0,,potential,,,1,3440000,0,0,43000,0,0.22,220,0,0.1,0.1,0,0,0,10.34,None,0,0,1,1,1,0,0,,,,1,
291,6,jawa_bali,east_jawa,east_jawa_geothermal_potential_ruen,geothermal,1012,0,,potential,,,1,3440000,0,0,43000,0,0.22,220,0,0.1,0.1,0,0,0,10.34,None,0,0,1,1,1,0,0,,,,1,
292,7,jawa_bali,bali,bali_geothermal_potential_ruen,geothermal,262,0,,potential,,,1,3440000,0,0,43000,0,0.22,220,0,0.1,0.1,0,0,0,10.34,None,0,0,1,1,1,0,0,,,,1,
293,1,jawa_bali,dki_jakarta,dki_jakarta_hydropower_potential_ruen,hydropower,0,0,,potential,,,1,2590000,0,0,50900,0,0.48,7.2,0,0.5,0.5,0,0,0,10.34,None,0,0,1,1,0,0,0,,,,1,
294,2,jawa_bali,banten,banten_hydropower_potential_ruen,hydropower,0,0,,potential,,,1,2590000,0,0,50900,0,0.48,7.2,0,0.5,0.5,0,0,0,10.34,None,0,0,1,1,0,0,0,,,,1,
295,3,jawa_bali,west_jawa,west_jawa_hydropower_potential_ruen,hydropower,2861,0,,potential,,,1,2000000,0,0,36200,0,0.62,180,0,0.5,0.5,0,0,0,10.34,None,0,0,1,1,0,0,0,,,,1,
296,4,jawa_bali,central_jawa,central_jawa_hydropower_potential_ruen,hydropower,813,0,,potential,,,1,2000000,0,0,36200,0,0.62,180,0,0.5,0.5,0,0,0,10.34,None,0,0,1,1,0,0,0,,,,1,
297,5,jawa_bali,yogyakarta,yogyakarta_hydropower_potential_ruen,hydropower,0,0,,potential,,,1,2590000,0,0,50900,0,0.48,7.2,0,0.5,0.5,0,0,0,10.34,None,0,0,1,1,0,0,0,,,,1,
298,6,jawa_bali,east_jawa,east_jawa_hydropower_potential_ruen,hydropower,525,0,,potential,,,1,2000000,0,0,36200,0,0.62,180,0,0.5,0.5,0,0,0,10.34,None,0,0,1,1,0,0,0,,,,1,
299,7,jawa_bali,bali,bali_hydropower_potential_ruen,hydropower,208,0,,potential,,,1,2000000,0,0,36200,0,0.62,180,0,0.5,0.5,0,0,0,10.34,None,0,0,1,1,0,0,0,,,,1,
300,1,jawa_bali,dki_jakarta,dki_jakarta_hydropower_mini_potential_ruen,hydropower_mini,0,0,,potential,,,1,2590000,0,0,50900,0,0.48,7.2,0,0.5,0.5,0,0,0,10.34,None,0,0,1,1,0,0,0,,,,1,
301,2,jawa_bali,banten,banten_hydropower_mini_potential_ruen,hydropower_mini,72,0,,potential,,,1,2000000,0,0,36200,0,0.62,180,0,0.5,0.5,0,0,0,10.34,None,0,0,1,1,0,0,0,,,,1,
302,3,jawa_bali,west_jawa,west_jawa_hydropower_mini_potential_ruen,hydropower_mini,647,0,,potential,,,1,2000000,0,0,36200,0,0.62,180,0,0.5,0.5,0,0,0,10.34,None,0,0,1,1,0,0,0,,,,1,
303,4,jawa_bali,central_jawa,central_jawa_hydropower_mini_potential_ruen,hydropower_mini,1044,0,,potential,,,1,2000000,0,0,36200,0,0.62,180,0,0.5,0.5,0,0,0,10.34,None,0,0,1,1,0,0,0,,,,1,
304,5,jawa_bali,yogyakarta,yogyakarta_hydropower_mini_potential_ruen,hydropower_mini,5,0,,potential,,,1,2590000,0,0,50900,0,0.48,7.2,0,0.5,0.5,0,0,0,10.34,None,0,0,1,1,0,0,0,,,,1,
305,6,jawa_bali,east_jawa,east_jawa_hydropower_mini_potential_ruen,hydropower_mini,1142,0,,potential,,,1,2000000,0,0,36200,0,0.62,180,0,0.5,0.5,0,0,0,10.34,None,0,0,1,1,0,0,0,,,,1,
306,7,jawa_bali,bali,bali_hydropower_mini_potential_ruen,hydropower_mini,15,0,,potential,,,1,2200000,0,0,40200,0,0.48,43,0,0.5,0.5,0,0,0,10.34,None,0,0,1,1,0,0,0,,,,1,
307,1,jawa_bali,dki_jakarta,dki_jakarta_biomass_potential_ruen,biomass,0.5,0,,potential,,,1,1820000,0,0,43800,0,2.8,9.8,0.3,0.1,0.1,1,0,0,0,biomass,0,0,1,1,0,0,0,,,,1,
308,2,jawa_bali,banten,banten_biomass_potential_ruen,biomass,347,0,,potential,,,1,1820000,0,0,43800,0,2.8,10,0.3,0.1,0.1,1,0,0,0,biomass,0,0,1,1,0,0,0,,,,1,
309,3,jawa_bali,west_jawa,west_jawa_biomass_potential_ruen,biomass,1980,0,,potential,,,1,1820000,0,0,43800,0,2.8,1,0.3,0.1,0.1,1,0,0,0,biomass,0,0,1,1,0,0,0,,,,1,
310,4,jawa_bali,central_jawa,central_jawa_biomass_potential_ruen,biomass,1884,0,,potential,,,1,1820000,0,0,43800,0,2.8,9.8,0.3,0.1,0.1,1,0,0,0,biomass,0,0,1,1,0,0,0,,,,1,
311,5,jawa_bali,yogyakarta,yogyakarta_biomass_potential_ruen,biomass,183,0,,potential,,,1,1820000,0,0,43800,0,2.8,10,0.3,0.1,0.1,1,0,0,0,biomass,0,0,1,1,0,0,0,,,,1,
312,6,jawa_bali,east_jawa,east_jawa_biomass_potential_ruen,biomass,2851,0,,potential,,,1,1820000,0,0,43800,0,2.8,1,0.3,0.1,0.1,1,0,0,0,biomass,0,0,1,1,0,0,0,,,,1,
313,7,jawa_bali,bali,bali_biomass_potential_ruen,biomass,147,0,,potential,,,1,1820000,0,0,43800,0,2.8,1,0.3,0.1,0.1,1,0,0,0,biomass,0,0,1,1,0,0,0,,,,1,
314,1,jawa_bali,dki_jakarta,dki_jakarta_biogas_potential_ruen,biogas,126,0,,potential,,,1,2150000,0,0,89200,0,0.1,3,0.3,0.2,0.2,1,0,0,0,biogas,0,0,1,1,0,0,0,,,,1,
315,2,jawa_bali,banten,banten_biogas_potential_ruen,biogas,119,0,,potential,,,1,2150000,0,0,89200,0,0.1,1,0.3,0.2,0.2,1,0,0,0,biogas,0,0,1,1,0,0,0,,,,1,
316,3,jawa_bali,west_jawa,west_jawa_biogas_potential_ruen,biogas,574,0,,potential,,,1,2150000,0,0,89200,0,0.1,3,0.3,0.2,0.2,1,0,0,0,biogas,0,0,1,1,0,0,0,,,,1,
317,4,jawa_bali,central_jawa,central_jawa_biogas_potential_ruen,biogas,348,0,,potential,,,1,2150000,0,0,89200,0,0.1,37,0.3,0.2,0.2,1,0,0,0,biogas,0,0,1,1,0,0,0,,,,1,
318,5,jawa_bali,yogyakarta,yogyakarta_biogas_potential_ruen,biogas,41,0,,potential,,,1,2150000,0,0,89200,0,0.1,115,0.3,0.2,0.2,1,0,0,0,biogas,0,0,1,1,0,0,0,,,,1,
319,6,jawa_bali,east_jawa,east_jawa_biogas_potential_ruen,biogas,570,0,,potential,,,1,2150000,0,0,89200,0,0.1,37,0.3,0.2,0.2,1,0,0,0,biogas,0,0,1,1,0,0,0,,,,1,
320,7,jawa_bali,bali,bali_biogas_potential_ruen,biogas,45,0,,potential,,,1,2150000,0,0,89200,0,0.1,5,0.3,0.2,0.2,1,0,0,0,biogas,0,0,1,1,0,0,0,,,,1,
321,1,jawa_bali,dki_jakarta,dki_jakarta_solar_potential_ruen,solar,225,0,,potential,,,1,560000,0,0,10000,0,0,50,0,1,1,0,0,0,0,None,0,0,1,1,0,1,0,,,,1,
322,2,jawa_bali,banten,banten_solar_potential_ruen,solar,2461,0,,potential,,,1,560000,0,0,10000,0,0,50,0,1,1,0,0,0,0,None,0,0,1,1,0,1,0,,,,1,
323,3,jawa_bali,west_jawa,west_jawa_solar_potential_ruen,solar,9099,0,,potential,,,1,560000,0,0,10000,0,0,50,0,1,1,0,0,0,0,None,0,0,1,1,0,1,0,,,,1,
324,4,jawa_bali,central_jawa,central_jawa_solar_potential_ruen,solar,8753,0,,potential,,,1,560000,0,0,10000,0,0,50,0,1,1,0,0,0,0,None,0,0,1,1,0,1,0,,,,1,
325,5,jawa_bali,yogyakarta,yogyakarta_solar_potential_ruen,solar,996,0,,potential,,,1,560000,0,0,10000,0,0,50,0,1,1,0,0,0,0,None,0,0,1,1,0,1,0,,,,1,
326,6,jawa_bali,east_jawa,east_jawa_solar_potential_ruen,solar,10335,0,,potential,,,1,560000,0,0,10000,0,0,50,0,1,1,0,0,0,0,None,0,0,1,1,0,1,0,,,,1,
327,7,jawa_bali,bali,bali_solar_potential_ruen,solar,1254,0,,potential,,,1,560000,0,0,10000,0,0,50,0,1,1,0,0,0,0,None,0,0,1,1,0,1,0,,,,1,
328,1,jawa_bali,dki_jakarta,dki_jakarta_wind_potential_ruen,wind,4,0,,potential,,,1,1280000,0,0,51000,0,0,55,0,1,1,0,0,0,0,None,0,0,1,1,0,1,0,,,,1,
329,2,jawa_bali,banten,banten_wind_potential_ruen,wind,1753,0,,potential,,,1,1280000,0,0,51000,0,0,55,0,1,1,0,0,0,0,None,0,0,1,1,0,1,0,,,,1,
330,3,jawa_bali,west_jawa,west_jawa_wind_potential_ruen,wind,7036,0,,potential,,,1,1280000,0,0,51000,0,0,55,0,1,1,0,0,0,0,None,0,0,1,1,0,1,0,,,,1,
331,4,jawa_bali,central_jawa,central_jawa_wind_potential_ruen,wind,5213,0,,potential,,,1,1280000,0,0,51000,0,0,55,0,1,1,0,0,0,0,None,0,0,1,1,0,1,0,,,,1,
332,5,jawa_bali,yogyakarta,yogyakarta_wind_potential_ruen,wind,1079,0,,potential,,,1,1280000,0,0,51000,0,0,55,0,1,1,0,0,0,0,None,0,0,1,1,0,1,0,,,,1,
333,6,jawa_bali,east_jawa,east_jawa_wind_potential_ruen,wind,7907,0,,potential,,,1,1280000,0,0,51000,0,0,55,0,1,1,0,0,0,0,None,0,0,1,1,0,1,0,,,,1,
334,7,jawa_bali,bali,bali_wind_potential_ruen,wind,1019,0,,potential,,,1,1280000,0,0,51000,0,0,55,0,1,1,0,0,0,0,None,0,0,1,1,0,1,0,,,,1,
335,1,jawa_bali,dki_jakarta,gas_candidate_1,gas,250,0,,potential,,,1,730000,0,0,22500,0,2.23,250,0.3,0.2,0.2,1,24,13.7,9.75,gas,1,1,1,1,1,0,0,0,0,1,0,0
336,1,jawa_bali,dki_jakarta,gas_candidate_2,gas,250,0,,potential,,,1,730000,0,0,22500,0,2.23,250,0.3,0.2,0.2,1,24,13.7,9.75,gas,1,1,1,1,1,0,0,0,0,1,0,0
337,1,jawa_bali,dki_jakarta,gas_candidate_3,gas,250,0,,potential,,,1,730000,0,0,22500,0,2.23,250,0.3,0.2,0.2,1,24,13.7,9.75,gas,1,1,1,1,1,0,0,0,0,1,0,0
338,1,jawa_bali,dki_jakarta,gas_candidate_4,gas,250,0,,potential,,,1,730000,0,0,22500,0,2.23,250,0.3,0.2,0.2,1,24,13.7,9.75,gas,1,1,1,1,1,0,0,0,0,1,0,0
339,1,jawa_bali,dki_jakarta,ccgt_candidate_1,ccgt,250,0,,potential,,,1,660000,0,0,22800,0,2.23,250,0.3,0.2,0.2,1,80,2,5.78,gas,6,6,1,1,1,0,0,0,0,1,0,2
340,1,jawa_bali,dki_jakarta,ccgt_candidate_2,ccgt,250,0,,potential,,,1,660000,0,0,22800,0,2.23,250,0.3,0.2,0.2,1,80,2,5.78,gas,6,6,1,1,1,0,0,0,0,1,0,2
341,1,jawa_bali,dki_jakarta,ccgt_candidate_3,ccgt,250,0,,potential,,,1,660000,0,0,22800,0,2.23,250,0.3,0.2,0.2,1,80,2,5.78,gas,6,6,1,1,1,0,0,0,0,1,0,2
342,1,jawa_bali,dki_jakarta,ccgt_candidate_4,ccgt,250,0,,potential,,,1,660000,0,0,22800,0,2.23,250,0.3,0.2,0.2,1,80,2,5.78,gas,6,6,1,1,1,0,0,0,0,1,0,2
343,1,jawa_bali,dki_jakarta,diesel_candidate_1,diesel,50,0,,potential,,,1,800000,0,0,8000,0,6,50,0.06,0.25,0.25,1,0,2,7.42,diesel,0.5,0.5,1,1,1,0,0,0,0,1,0,0
344,1,jawa_bali,dki_jakarta,diesel_candidate_2,diesel,50,0,,potential,,,1,800000,0,0,8000,0,6,50,0.06,0.25,0.25,1,0,2,7.42,diesel,0.5,0.5,1,1,1,0,0,0,0,1,0,0
345,1,jawa_bali,dki_jakarta,diesel_candidate_3,diesel,50,0,,potential,,,1,800000,0,0,8000,0,6,50,0.06,0.25,0.25,1,0,2,7.42,diesel,0.5,0.5,1,1,1,0,0,0,0,1,0,0
346,1,jawa_bali,dki_jakarta,diesel_candidate_4,diesel,50,0,,potential,,,1,800000,0,0,8000,0,6,50,0.06,0.25,0.25,1,0,2,7.42,diesel,0.5,0.5,1,1,1,0,0,0,0,1,0,0
347,2,jawa_bali,banten,gas_candidate_1,gas,250,0,,potential,,,1,730000,0,0,22500,0,2.23,250,0.3,0.2,0.2,1,24,13.7,9.75,gas,1,1,1,1,1,0,0,0,0,1,0,0
348,2,jawa_bali,banten,gas_candidate_2,gas,250,0,,potential,,,1,730000,0,0,22500,0,2.23,250,0.3,0.2,0.2,1,24,13.7,9.75,gas,1,1,1,1,1,0,0,0,0,1,0,0
349,2,jawa_bali,banten,gas_candidate_3,gas,250,0,,potential,,,1,730000,0,0,22500,0,2.23,250,0.3,0.2,0.2,1,24,13.7,9.75,gas,1,1,1,1,1,0,0,0,0,1,0,0
350,2,jawa_bali,banten,gas_candidate_4,gas,250,0,,potential,,,1,730000,0,0,22500,0,2.23,250,0.3,0.2,0.2,1,24,13.7,9.75,gas,1,1,1,1,1,0,0,0,0,1,0,0
351,2,jawa_bali,banten,ccgt_candidate_1,ccgt,250,0,,potential,,,1,660000,0,0,22800,0,2.23,250,0.3,0.2,0.2,1,80,2,5.78,gas,6,6,1,1,1,0,0,0,0,1,0,2
352,2,jawa_bali,banten,ccgt_candidate_2,ccgt,250,0,,potential,,,1,660000,0,0,22800,0,2.23,250,0.3,0.2,0.2,1,80,2,5.78,gas,6,6,1,1,1,0,0,0,0,1,0,2
353,2,jawa_bali,banten,ccgt_candidate_3,ccgt,250,0,,potential,,,1,660000,0,0,22800,0,2.23,250,0.3,0.2,0.2,1,80,2,5.78,gas,6,6,1,1,1,0,0,0,0,1,0,2
354,2,jawa_bali,banten,ccgt_candidate_4,ccgt,250,0,,potential,,,1,660000,0,0,22800,0,2.23,250,0.3,0.2,0.2,1,80,2,5.78,gas,6,6,1,1,1,0,0,0,0,1,0,2
355,2,jawa_bali,banten,diesel_candidate_1,diesel,50,0,,potential,,,1,800000,0,0,8000,0,6,50,0.06,0.25,0.25,1,0,2,7.42,diesel,0.5,0.5,1,1,1,0,0,0,0,1,0,0
356,2,jawa_bali,banten,diesel_candidate_2,diesel,50,0,,potential,,,1,800000,0,0,8000,0,6,50,0.06,0.25,0.25,1,0,2,7.42,diesel,0.5,0.5,1,1,1,0,0,0,0,1,0,0
357,2,jawa_bali,banten,diesel_candidate_3,diesel,50,0,,potential,,,1,800000,0,0,8000,0,6,50,0.06,0.25,0.25,1,0,2,7.42,diesel,0.5,0.5,1,1,1,0,0,0,0,1,0,0
358,2,jawa_bali,banten,diesel_candidate_4,diesel,50,0,,potential,,,1,800000,0,0,8000,0,6,50,0.06,0.25,0.25,1,0,2,7.42,diesel,0.5,0.5,1,1,1,0,0,0,0,1,0,0
359,3,jawa_bali,west_jawa,gas_candidate_1,gas,250,0,,potential,,,1,730000,0,0,22500,0,2.23,250,0.3,0.2,0.2,1,24,13.7,9.75,gas,1,1,1,1,1,0,0,0,0,1,0,0
360,3,jawa_bali,west_jawa,gas_candidate_2,gas,250,0,,potential,,,1,730000,0,0,22500,0,2.23,250,0.3,0.2,0.2,1,24,13.7,9.75,gas,1,1,1,1,1,0,0,0,0,1,0,0
361,3,jawa_bali,west_jawa,gas_candidate_3,gas,250,0,,potential,,,1,730000,0,0,22500,0,2.23,250,0.3,0.2,0.2,1,24,13.7,9.75,gas,1,1,1,1,1,0,0,0,0,1,0,0
362,3,jawa_bali,west_jawa,gas_candidate_4,gas,250,0,,potential,,,1,730000,0,0,22500,0,2.23,250,0.3,0.2,0.2,1,24,13.7,9.75,gas,1,1,1,1,1,0,0,0,0,1,0,0
363,3,jawa_bali,west_jawa,ccgt_candidate_1,ccgt,250,0,,potential,,,1,660000,0,0,22800,0,2.23,250,0.3,0.2,0.2,1,80,2,5.78,gas,6,6,1,1,1,0,0,0,0,1,0,2
364,3,jawa_bali,west_jawa,ccgt_candidate_2,ccgt,250,0,,potential,,,1,660000,0,0,22800,0,2.23,250,0.3,0.2,0.2,1,80,2,5.78,gas,6,6,1,1,1,0,0,0,0,1,0,2
365,3,jawa_bali,west_jawa,ccgt_candidate_3,ccgt,250,0,,potential,,,1,660000,0,0,22800,0,2.23,250,0.3,0.2,0.2,1,80,2,5.78,gas,6,6,1,1,1,0,0,0,0,1,0,2
366,3,jawa_bali,west_jawa,ccgt_candidate_4,ccgt,250,0,,potential,,,1,660000,0,0,22800,0,2.23,250,0.3,0.2,0.2,1,80,2,5.78,gas,6,6,1,1,1,0,0,0,0,1,0,2
367,3,jawa_bali,west_jawa,diesel_candidate_1,diesel,50,0,,potential,,,1,800000,0,0,8000,0,6,50,0.06,0.25,0.25,1,0,2,7.42,diesel,0.5,0.5,1,1,1,0,0,0,0,1,0,0
368,3,jawa_bali,west_jawa,diesel_candidate_2,diesel,50,0,,potential,,,1,800000,0,0,8000,0,6,50,0.06,0.25,0.25,1,0,2,7.42,diesel,0.5,0.5,1,1,1,0,0,0,0,1,0,0
369,3,jawa_bali,west_jawa,diesel_candidate_3,diesel,50,0,,potential,,,1,800000,0,0,8000,0,6,50,0.06,0.25,0.25,1,0,2,7.42,diesel,0.5,0.5,1,1,1,0,0,0,0,1,0,0
370,3,jawa_bali,west_jawa,diesel_candidate_4,diesel,50,0,,potential,,,1,800000,0,0,8000,0,6,50,0.06,0.25,0.25,1,0,2,7.42,diesel,0.5,0.5,1,1,1,0,0,0,0,1,0,0
371,4,jawa_bali,central_jawa,gas_candidate_1,gas,250,0,,potential,,,1,730000,0,0,22500,0,2.23,250,0.3,0.2,0.2,1,24,13.7,9.75,gas,1,1,1,1,1,0,0,0,0,1,0,0
372,4,jawa_bali,central_jawa,gas_candidate_2,gas,250,0,,potential,,,1,730000,0,0,22500,0,2.23,250,0.3,0.2,0.2,1,24,13.7,9.75,gas,1,1,1,1,1,0,0,0,0,1,0,0
373,4,jawa_bali,central_jawa,gas_candidate_3,gas,250,0,,potential,,,1,730000,0,0,22500,0,2.23,250,0.3,0.2,0.2,1,24,13.7,9.75,gas,1,1,1,1,1,0,0,0,0,1,0,0
374,4,jawa_bali,central_jawa,gas_candidate_4,gas,250,0,,potential,,,1,730000,0,0,22500,0,2.23,250,0.3,0.2,0.2,1,24,13.7,9.75,gas,1,1,1,1,1,0,0,0,0,1,0,0
375,4,jawa_bali,central_jawa,ccgt_candidate_1,ccgt,250,0,,potential,,,1,660000,0,0,22800,0,2.23,250,0.3,0.2,0.2,1,80,2,5.78,gas,6,6,1,1,1,0,0,0,0,1,0,2
376,4,jawa_bali,central_jawa,ccgt_candidate_2,ccgt,250,0,,potential,,,1,660000,0,0,22800,0,2.23,250,0.3,0.2,0.2,1,80,2,5.78,gas,6,6,1,1,1,0,0,0,0,1,0,2
377,4,jawa_bali,central_jawa,ccgt_candidate_3,ccgt,250,0,,potential,,,1,660000,0,0,22800,0,2.23,250,0.3,0.2,0.2,1,80,2,5.78,gas,6,6,1,1,1,0,0,0,0,1,0,2
378,4,jawa_bali,central_jawa,ccgt_candidate_4,ccgt,250,0,,potential,,,1,660000,0,0,22800,0,2.23,250,0.3,0.2,0.2,1,80,2,5.78,gas,6,6,1,1,1,0,0,0,0,1,0,2
379,4,jawa_bali,central_jawa,diesel_candidate_1,diesel,50,0,,potential,,,1,800000,0,0,8000,0,6,50,0.06,0.25,0.25,1,0,2,7.42,diesel,0.5,0.5,1,1,1,0,0,0,0,1,0,0
380,4,jawa_bali,central_jawa,diesel_candidate_2,diesel,50,0,,potential,,,1,800000,0,0,8000,0,6,50,0.06,0.25,0.25,1,0,2,7.42,diesel,0.5,0.5,1,1,1,0,0,0,0,1,0,0
381,4,jawa_bali,central_jawa,diesel_candidate_3,diesel,50,0,,potential,,,1,800000,0,0,8000,0,6,50,0.06,0.25,0.25,1,0,2,7.42,diesel,0.5,0.5,1,1,1,0,0,0,0,1,0,0
382,4,jawa_bali,central_jawa,diesel_candidate_4,diesel,50,0,,potential,,,1,800000,0,0,8000,0,6,50,0.06,0.25,0.25,1,0,2,7.42,diesel,0.5,0.5,1,1,1,0,0,0,0,1,0,0
383,5,jawa_bali,yogyakarta,gas_candidate_1,gas,250,0,,potential,,,1,730000,0,0,22500,0,2.23,250,0.3,0.2,0.2,1,24,13.7,9.75,gas,1,1,1,1,1,0,0,0,0,1,0,0
384,5,jawa_bali,yogyakarta,gas_candidate_2,gas,250,0,,potential,,,1,730000,0,0,22500,0,2.23,250,0.3,0.2,0.2,1,24,13.7,9.75,gas,1,1,1,1,1,0,0,0,0,1,0,0
385,5,jawa_bali,yogyakarta,gas_candidate_3,gas,250,0,,potential,,,1,730000,0,0,22500,0,2.23,250,0.3,0.2,0.2,1,24,13.7,9.75,gas,1,1,1,1,1,0,0,0,0,1,0,0
386,5,jawa_bali,yogyakarta,gas_candidate_4,gas,250,0,,potential,,,1,730000,0,0,22500,0,2.23,250,0.3,0.2,0.2,1,24,13.7,9.75,gas,1,1,1,1,1,0,0,0,0,1,0,0
387,5,jawa_bali,yogyakarta,ccgt_candidate_1,ccgt,250,0,,potential,,,1,660000,0,0,22800,0,2.23,250,0.3,0.2,0.2,1,80,2,5.78,gas,6,6,1,1,1,0,0,0,0,1,0,2
388,5,jawa_bali,yogyakarta,ccgt_candidate_2,ccgt,250,0,,potential,,,1,660000,0,0,22800,0,2.23,250,0.3,0.2,0.2,1,80,2,5.78,gas,6,6,1,1,1,0,0,0,0,1,0,2
389,5,jawa_bali,yogyakarta,ccgt_candidate_3,ccgt,250,0,,potential,,,1,660000,0,0,22800,0,2.23,250,0.3,0.2,0.2,1,80,2,5.78,gas,6,6,1,1,1,0,0,0,0,1,0,2
390,5,jawa_bali,yogyakarta,ccgt_candidate_4,ccgt,250,0,,potential,,,1,660000,0,0,22800,0,2.23,250,0.3,0.2,0.2,1,80,2,5.78,gas,6,6,1,1,1,0,0,0,0,1,0,2
391,5,jawa_bali,yogyakarta,diesel_candidate_1,diesel,50,0,,potential,,,1,800000,0,0,8000,0,6,50,0.06,0.25,0.25,1,0,2,7.42,diesel,0.5,0.5,1,1,1,0,0,0,0,1,0,0
392,5,jawa_bali,yogyakarta,diesel_candidate_2,diesel,50,0,,potential,,,1,800000,0,0,8000,0,6,50,0.06,0.25,0.25,1,0,2,7.42,diesel,0.5,0.5,1,1,1,0,0,0,0,1,0,0
393,5,jawa_bali,yogyakarta,diesel_candidate_3,diesel,50,0,,potential,,,1,800000,0,0,8000,0,6,50,0.06,0.25,0.25,1,0,2,7.42,diesel,0.5,0.5,1,1,1,0,0,0,0,1,0,0
394,5,jawa_bali,yogyakarta,diesel_candidate_4,diesel,50,0,,potential,,,1,800000,0,0,8000,0,6,50,0.06,0.25,0.25,1,0,2,7.42,diesel,0.5,0.5,1,1,1,0,0,0,0,1,0,0
395,6,jawa_bali,east_jawa,gas_candidate_1,gas,250,0,,potential,,,1,730000,0,0,22500,0,2.23,250,0.3,0.2,0.2,1,24,13.7,9.75,gas,1,1,1,1,1,0,0,0,0,1,0,0
396,6,jawa_bali,east_jawa,gas_candidate_2,gas,250,0,,potential,,,1,730000,0,0,22500,0,2.23,250,0.3,0.2,0.2,1,24,13.7,9.75,gas,1,1,1,1,1,0,0,0,0,1,0,0
397,6,jawa_bali,east_jawa,gas_candidate_3,gas,250,0,,potential,,,1,730000,0,0,22500,0,2.23,250,0.3,0.2,0.2,1,24,13.7,9.75,gas,1,1,1,1,1,0,0,0,0,1,0,0
398,6,jawa_bali,east_jawa,gas_candidate_4,gas,250,0,,potential,,,1,730000,0,0,22500,0,2.23,250,0.3,0.2,0.2,1,24,13.7,9.75,gas,1,1,1,1,1,0,0,0,0,1,0,0
399,6,jawa_bali,east_jawa,ccgt_candidate_1,ccgt,250,0,,potential,,,1,660000,0,0,22800,0,2.23,250,0.3,0.2,0.2,1,80,2,5.78,gas,6,6,1,1,1,0,0,0,0,1,0,2
400,6,jawa_bali,east_jawa,ccgt_candidate_2,ccgt,250,0,,potential,,,1,660000,0,0,22800,0,2.23,250,0.3,0.2,0.2,1,80,2,5.78,gas,6,6,1,1,1,0,0,0,0,1,0,2
401,6,jawa_bali,east_jawa,ccgt_candidate_3,ccgt,250,0,,potential,,,1,660000,0,0,22800,0,2.23,250,0.3,0.2,0.2,1,80,2,5.78,gas,6,6,1,1,1,0,0,0,0,1,0,2
402,6,jawa_bali,east_jawa,ccgt_candidate_4,ccgt,250,0,,potential,,,1,660000,0,0,22800,0,2.23,250,0.3,0.2,0.2,1,80,2,5.78,gas,6,6,1,1,1,0,0,0,0,1,0,2
403,6,jawa_bali,east_jawa,diesel_candidate_1,diesel,50,0,,potential,,,1,800000,0,0,8000,0,6,50,0.06,0.25,0.25,1,0,2,7.42,diesel,0.5,0.5,1,1,1,0,0,0,0,1,0,0
404,6,jawa_bali,east_jawa,diesel_candidate_2,diesel,50,0,,potential,,,1,800000,0,0,8000,0,6,50,0.06,0.25,0.25,1,0,2,7.42,diesel,0.5,0.5,1,1,1,0,0,0,0,1,0,0
405,6,jawa_bali,east_jawa,diesel_candidate_3,diesel,50,0,,potential,,,1,800000,0,0,8000,0,6,50,0.06,0.25,0.25,1,0,2,7.42,diesel,0.5,0.5,1,1,1,0,0,0,0,1,0,0
406,6,jawa_bali,east_jawa,diesel_candidate_4,diesel,50,0,,potential,,,1,800000,0,0,8000,0,6,50,0.06,0.25,0.25,1,0,2,7.42,diesel,0.5,0.5,1,1,1,0,0,0,0,1,0,0
407,7,jawa_bali,bali,gas_candidate_1,gas,250,0,,potential,,,1,730000,0,0,22500,0,2.23,250,0.3,0.2,0.2,1,24,13.7,9.75,gas,1,1,1,1,1,0,0,0,0,1,0,0
408,7,jawa_bali,bali,gas_candidate_2,gas,250,0,,potential,,,1,730000,0,0,22500,0,2.23,250,0.3,0.2,0.2,1,24,13.7,9.75,gas,1,1,1,1,1,0,0,0,0,1,0,0
409,7,jawa_bali,bali,gas_candidate_3,gas,250,0,,potential,,,1,730000,0,0,22500,0,2.23,250,0.3,0.2,0.2,1,24,13.7,9.75,gas,1,1,1,1,1,0,0,0,0,1,0,0
410,7,jawa_bali,bali,gas_candidate_4,gas,250,0,,potential,,,1,730000,0,0,22500,0,2.23,250,0.3,0.2,0.2,1,24,13.7,9.75,gas,1,1,1,1,1,0,0,0,0,1,0,0
411,7,jawa_bali,bali,ccgt_candidate_1,ccgt,250,0,,potential,,,1,660000,0,0,22800,0,2.23,250,0.3,0.2,0.2,1,80,2,5.78,gas,6,6,1,1,1,0,0,0,0,1,0,2
412,7,jawa_bali,bali,ccgt_candidate_2,ccgt,250,0,,potential,,,1,660000,0,0,22800,0,2.23,250,0.3,0.2,0.2,1,80,2,5.78,gas,6,6,1,1,1,0,0,0,0,1,0,2
413,7,jawa_bali,bali,ccgt_candidate_3,ccgt,250,0,,potential,,,1,660000,0,0,22800,0,2.23,250,0.3,0.2,0.2,1,80,2,5.78,gas,6,6,1,1,1,0,0,0,0,1,0,2
414,7,jawa_bali,bali,ccgt_candidate_4,ccgt,250,0,,potential,,,1,660000,0,0,22800,0,2.23,250,0.3,0.2,0.2,1,80,2,5.78,gas,6,6,1,1,1,0,0,0,0,1,0,2
415,7,jawa_bali,bali,diesel_candidate_1,diesel,50,0,,potential,,,1,800000,0,0,8000,0,6,50,0.06,0.25,0.25,1,0,2,7.42,diesel,0.5,0.5,1,1,1,0,0,0,0,1,0,0
416,7,jawa_bali,bali,diesel_candidate_2,diesel,50,0,,potential,,,1,800000,0,0,8000,0,6,50,0.06,0.25,0.25,1,0,2,7.42,diesel,0.5,0.5,1,1,1,0,0,0,0,1,0,0
417,7,jawa_bali,bali,diesel_candidate_3,diesel,50,0,,potential,,,1,800000,0,0,8000,0,6,50,0.06,0.25,0.25,1,0,2,7.42,diesel,0.5,0.5,1,1,1,0,0,0,0,1,0,0
418,7,jawa_bali,bali,diesel_candidate_4,diesel,50,0,,potential,,,1,800000,0,0,8000,0,6,50,0.06,0.25,0.25,1,0,2,7.42,diesel,0.5,0.5,1,1,1,0,0,0,0,1,0,0
419,1,jawa_bali,dki_jakarta,battery_candidate,battery,100,208,,candidate,,,1,0,578000,0,0,621,2.3,100,0,0,1,2,0,0,0,None,1,1,0.92,0.92,0,0,1,0,0,0,0,0
420,2,jawa_bali,banten,battery_candidate,battery,100,208,,candidate,,,1,0,578000,0,0,621,2.3,100,0,0,1,2,0,0,0,None,1,1,0.92,0.92,0,0,1,0,0,0,0,0
421,3,jawa_bali,west_jawa,battery_candidate,battery,100,208,,candidate,,,1,0,578000,0,0,621,2.3,100,0,0,1,2,0,0,0,None,1,1,0.92,0.92,0,0,1,0,0,0,0,0
422,4,jawa_bali,central_jawa,battery_candidate,battery,100,208,,candidate,,,1,0,578000,0,0,621,2.3,100,0,0,1,2,0,0,0,None,1,1,0.92,0.92,0,0,1,0,0,0,0,0
423,5,jawa_bali,yogyakarta,battery_candidate,battery,100,208,,candidate,,,1,0,578000,0,0,621,2.3,100,0,0,1,2,0,0,0,None,1,1,0.92,0.92,0,0,1,0,0,0,0,0
424,6,jawa_bali,east_jawa,battery_candidate,battery,100,208,,candidate,,,1,0,578000,0,0,621,2.3,100,0,0,1,2,0,0,0,None,1,1,0.92,0.92,0,0,1,0,0,0,0,0
425,7,jawa_bali,bali,battery_candidate,battery,100,208,,candidate,,,1,0,578000,0,0,621,2.3,100,0,0,1,2,0,0,0,None,1,1,0.92,0.92,0,0,1,0,0,0,0,0