R_ID,Zone,System,Province,Village,Resource,Resource_Other_Name,technology,Existing_Cap_MW,Existing_Cap_MWh,status,Start_Year,Retire_Year,commodity,supported_project,nature_of_support,plant_owner,owner_parent_company,owner_home_country_flag,major_mainland_china_shareholder,financier,epc,mainland_china_involvement_type,industrial_park,combustion_tech,coal_type,coal_source,alternate_fuel,latitude,longitude,hubname,hubdist,class,New_Build,Inv_Cost_per_MWyr,Inv_Cost_per_MWhyr,capex_mw,Fixed_OM_Cost_per_MWyr,Fixed_OM_Cost_per_MWhyr,Var_OM_Cost_per_MWh,Max_Cap_MW,Min_Power_MW,Ramp_Up_Percentage,Ramp_Dn_Percentage,Commit,Start_Cost_per_MW,Start_Fuel_MMBTU_per_MW,Heat_Rate_MMBTU_per_MWh,Fuel,Up_Time,Down_Time,Eff_Up,Eff_Down,THERM,VRE,STOR,RE
1,2,jawa_bali,banten,1,asahimas_chemical_power_station_unit_1,_agc_cilegon_coalfired_power_plant,coal_captive,150,0,operating,2019,,chemicals,,,pt_asahimas_chemical,agc_inc_525_ableman_finance_18_rodamas_18_mitsubishi_corporation_energy_solutions_115,japan_indonesia,,,,,no,,,,biomass,-6.024754483,105.9426353,Gardu Induk Polyprima,0.878216484,4,-1,1360000,0,0,40000,0,0.12,150,0.25,0.04,0.04,1,50,13.7,8.97,coal_captive,24,24,1,1,1,0,0,0
2,2,jawa_bali,banten,1,asahimas_chemical_power_station_unit_2,_agc_cilegon_coalfired_power_plant,coal_captive,303,0,operating,2019,,chemicals,,,pt_asahimas_chemical,agc_inc_525_ableman_finance_18_rodamas_18_mitsubishi_corporation_energy_solutions_115,japan_indonesia,,,,,no,,,,biomass,-6.024754483,105.9426353,Gardu Induk Polyprima,0.878216484,4,-1,1360000,0,0,40000,0,0.12,303,0.25,0.04,0.04,1,50,13.7,8.97,coal_captive,24,24,1,1,1,0,0,0
3,2,jawa_bali,banten,1,asahimas_chemical_power_station_geothermal,,geothermal,344.317985,0,,,,,,,,,,,,,,,,,,,-6.024754483,105.9426353,Gardu Induk Polyprima,0.878216484,1,1,3440000,0,0,43000,0,0.22,344.317985,0,0.1,0.1,0,0,0,10.34,None,0,0,1,1,0,0,0,1
4,2,jawa_bali,banten,1,asahimas_chemical_power_station_geothermal,,geothermal,5635.53771,0,,,,,,,,,,,,,,,,,,,-6.024754483,105.9426353,Gardu Induk Polyprima,0.878216484,1.5,1,3440000,0,0,43000,0,0.22,5635.53771,0,0.1,0.1,0,0,0,10.34,None,0,0,1,1,0,0,0,1
5,2,jawa_bali,banten,1,asahimas_chemical_power_station_geothermal,,geothermal,340.500439,0,,,,,,,,,,,,,,,,,,,-6.024754483,105.9426353,Gardu Induk Polyprima,0.878216484,2,1,3440000,0,0,43000,0,0.22,340.500439,0,0.1,0.1,0,0,0,10.34,None,0,0,1,1,0,0,0,1
6,2,jawa_bali,banten,1,asahimas_chemical_power_station_geothermal,,geothermal,401.715956,0,,,,,,,,,,,,,,,,,,,-6.024754483,105.9426353,Gardu Induk Polyprima,0.878216484,2.5,1,3440000,0,0,43000,0,0.22,401.715956,0,0.1,0.1,0,0,0,10.34,None,0,0,1,1,0,0,0,1
7,2,jawa_bali,banten,1,asahimas_chemical_power_station_geothermal,,geothermal,439.986712,0,,,,,,,,,,,,,,,,,,,-6.024754483,105.9426353,Gardu Induk Polyprima,0.878216484,3,1,3440000,0,0,43000,0,0.22,439.986712,0,0.1,0.1,0,0,0,10.34,None,0,0,1,1,0,0,0,1
8,2,jawa_bali,banten,1,asahimas_chemical_power_station_solar,,solar,344.376764,0,,,,,,,,,,,,,,,,,,,-6.024754483,105.9426353,Gardu Induk Polyprima,0.878216484,1,1,560000,0,0,10000,0,0,344.376764,0,1,1,0,0,0,0,None,0,0,1,1,0,1,0,1
9,2,jawa_bali,banten,1,asahimas_chemical_power_station_solar,,solar,10316.54992,0,,,,,,,,,,,,,,,,,,,-6.024754483,105.9426353,Gardu Induk Polyprima,0.878216484,1.5,1,560000,0,0,10000,0,0,10316.54992,0,1,1,0,0,0,0,None,0,0,1,1,0,1,0,1
10,2,jawa_bali,banten,1,asahimas_chemical_power_station_solar,,solar,803.429662,0,,,,,,,,,,,,,,,,,,,-6.024754483,105.9426353,Gardu Induk Polyprima,0.878216484,2,1,560000,0,0,10000,0,0,803.429662,0,1,1,0,0,0,0,None,0,0,1,1,0,1,0,1
11,2,jawa_bali,banten,1,asahimas_chemical_power_station_solar,,solar,64.580689,0,,,,,,,,,,,,,,,,,,,-6.024754483,105.9426353,Gardu Induk Polyprima,0.878216484,2.5,1,560000,0,0,10000,0,0,64.580689,0,1,1,0,0,0,0,None,0,0,1,1,0,1,0,1
12,2,jawa_bali,banten,1,asahimas_chemical_power_station_solar,,solar,1055.96811,0,,,,,,,,,,,,,,,,,,,-6.024754483,105.9426353,Gardu Induk Polyprima,0.878216484,3,1,560000,0,0,10000,0,0,1055.96811,0,1,1,0,0,0,0,None,0,0,1,1,0,1,0,1
13,2,jawa_bali,banten,2,cemindo_gemilang_power_station_unit_1,cemindo_gemilang_bayah_pltu,coal_captive,60,0,operating,2016,,cement,,,pt_cemindo_gemilang,wh_investments_pte_ltd_873_pemegang_saham_1263,singapore_indonesia,,,,,no,,,,,-6.950808,106.2501579,Gardu Induk Bayah,0.592144262,4,-1,1600000,0,0,43900,0,0.12,60,0.25,0.035,0.035,1,110,13.7,8.97,coal_captive,24,24,1,1,1,0,0,0
14,2,jawa_bali,banten,2,cemindo_gemilang_power_station_geothermal,,geothermal,255.874894,0,,,,,,,,,,,,,,,,,,,-6.950808,106.2501579,Gardu Induk Bayah,0.592144262,1,1,3440000,0,0,43000,0,0.22,255.874894,0,0.1,0.1,0,0,0,10.34,None,0,0,1,1,0,0,0,1
15,2,jawa_bali,banten,2,cemindo_gemilang_power_station_geothermal,,geothermal,3066.939257,0,,,,,,,,,,,,,,,,,,,-6.950808,106.2501579,Gardu Induk Bayah,0.592144262,1.5,1,3440000,0,0,43000,0,0.22,3066.939257,0,0.1,0.1,0,0,0,10.34,None,0,0,1,1,0,0,0,1
16,2,jawa_bali,banten,2,cemindo_gemilang_power_station_geothermal,,geothermal,74.472756,0,,,,,,,,,,,,,,,,,,,-6.950808,106.2501579,Gardu Induk Bayah,0.592144262,2,1,3440000,0,0,43000,0,0.22,74.472756,0,0.1,0.1,0,0,0,10.34,None,0,0,1,1,0,0,0,1
17,2,jawa_bali,banten,2,cemindo_gemilang_power_station_geothermal,,geothermal,139.40282,0,,,,,,,,,,,,,,,,,,,-6.950808,106.2501579,Gardu Induk Bayah,0.592144262,2.5,1,3440000,0,0,43000,0,0.22,139.40282,0,0.1,0.1,0,0,0,10.34,None,0,0,1,1,0,0,0,1
18,2,jawa_bali,banten,2,cemindo_gemilang_power_station_geothermal,,geothermal,139.401765,0,,,,,,,,,,,,,,,,,,,-6.950808,106.2501579,Gardu Induk Bayah,0.592144262,3,1,3440000,0,0,43000,0,0.22,139.401765,0,0.1,0.1,0,0,0,10.34,None,0,0,1,1,0,0,0,1
19,2,jawa_bali,banten,2,cemindo_gemilang_power_station_solar,,solar,614.099745,0,,,,,,,,,,,,,,,,,,,-6.950808,106.2501579,Gardu Induk Bayah,0.592144262,1,1,560000,0,0,10000,0,0,614.099745,0,1,1,0,0,0,0,None,0,0,1,1,0,1,0,1
20,2,jawa_bali,banten,2,cemindo_gemilang_power_station_solar,,solar,6920.633272,0,,,,,,,,,,,,,,,,,,,-6.950808,106.2501579,Gardu Induk Bayah,0.592144262,1.5,1,560000,0,0,10000,0,0,6920.633272,0,1,1,0,0,0,0,None,0,0,1,1,0,1,0,1
21,2,jawa_bali,banten,2,cemindo_gemilang_power_station_solar,,solar,178.734615,0,,,,,,,,,,,,,,,,,,,-6.950808,106.2501579,Gardu Induk Bayah,0.592144262,2,1,560000,0,0,10000,0,0,178.734615,0,1,1,0,0,0,0,None,0,0,1,1,0,1,0,1
22,2,jawa_bali,banten,2,cemindo_gemilang_power_station_solar,,solar,22.779537,0,,,,,,,,,,,,,,,,,,,-6.950808,106.2501579,Gardu Induk Bayah,0.592144262,2.5,1,560000,0,0,10000,0,0,22.779537,0,1,1,0,0,0,0,None,0,0,1,1,0,1,0,1
23,2,jawa_bali,banten,2,cemindo_gemilang_power_station_solar,,solar,334.564236,0,,,,,,,,,,,,,,,,,,,-6.950808,106.2501579,Gardu Induk Bayah,0.592144262,3,1,560000,0,0,10000,0,0,334.564236,0,1,1,0,0,0,0,None,0,0,1,1,0,1,0,1
24,2,jawa_bali,banten,3,cilegon_ptip_power_station_unit_1,,coal_captive,40,0,operating,2017,,chemicals,,,pt_indorama_petrochemicals,indorama_ventures_europe_bv,netherlands,,,,,no,subcritical,,,,-6.0238894,105.9501269,Gardu Induk Polyprima,0.054894458,4,-1,1600000,0,0,43900,0,0.12,40,0.25,0.035,0.035,1,110,13.7,8.97,coal_captive,24,24,1,1,1,0,0,0
25,2,jawa_bali,banten,3,cilegon_ptip_power_station_geothermal,,geothermal,344.317985,0,,,,,,,,,,,,,,,,,,,-6.0238894,105.9501269,Gardu Induk Polyprima,0.054894458,1,1,3440000,0,0,43000,0,0.22,344.317985,0,0.1,0.1,0,0,0,10.34,None,0,0,1,1,0,0,0,1
26,2,jawa_bali,banten,3,cilegon_ptip_power_station_geothermal,,geothermal,5652.756373,0,,,,,,,,,,,,,,,,,,,-6.0238894,105.9501269,Gardu Induk Polyprima,0.054894458,1.5,1,3440000,0,0,43000,0,0.22,5652.756373,0,0.1,0.1,0,0,0,10.34,None,0,0,1,1,0,0,0,1
27,2,jawa_bali,banten,3,cilegon_ptip_power_station_geothermal,,geothermal,340.500439,0,,,,,,,,,,,,,,,,,,,-6.0238894,105.9501269,Gardu Induk Polyprima,0.054894458,2,1,3440000,0,0,43000,0,0.22,340.500439,0,0.1,0.1,0,0,0,10.34,None,0,0,1,1,0,0,0,1
28,2,jawa_bali,banten,3,cilegon_ptip_power_station_geothermal,,geothermal,407.455521,0,,,,,,,,,,,,,,,,,,,-6.0238894,105.9501269,Gardu Induk Polyprima,0.054894458,2.5,1,3440000,0,0,43000,0,0.22,407.455521,0,0.1,0.1,0,0,0,10.34,None,0,0,1,1,0,0,0,1
29,2,jawa_bali,banten,3,cilegon_ptip_power_station_geothermal,,geothermal,439.986712,0,,,,,,,,,,,,,,,,,,,-6.0238894,105.9501269,Gardu Induk Polyprima,0.054894458,3,1,3440000,0,0,43000,0,0.22,439.986712,0,0.1,0.1,0,0,0,10.34,None,0,0,1,1,0,0,0,1
30,2,jawa_bali,banten,3,cilegon_ptip_power_station_solar,,solar,344.376764,0,,,,,,,,,,,,,,,,,,,-6.0238894,105.9501269,Gardu Induk Polyprima,0.054894458,1,1,560000,0,0,10000,0,0,344.376764,0,1,1,0,0,0,0,None,0,0,1,1,0,1,0,1
31,2,jawa_bali,banten,3,cilegon_ptip_power_station_solar,,solar,10357.87471,0,,,,,,,,,,,,,,,,,,,-6.0238894,105.9501269,Gardu Induk Polyprima,0.054894458,1.5,1,560000,0,0,10000,0,0,10357.87471,0,1,1,0,0,0,0,None,0,0,1,1,0,1,0,1
32,2,jawa_bali,banten,3,cilegon_ptip_power_station_solar,,solar,803.429662,0,,,,,,,,,,,,,,,,,,,-6.0238894,105.9501269,Gardu Induk Polyprima,0.054894458,2,1,560000,0,0,10000,0,0,803.429662,0,1,1,0,0,0,0,None,0,0,1,1,0,1,0,1
33,2,jawa_bali,banten,3,cilegon_ptip_power_station_solar,,solar,65.465003,0,,,,,,,,,,,,,,,,,,,-6.0238894,105.9501269,Gardu Induk Polyprima,0.054894458,2.5,1,560000,0,0,10000,0,0,65.465003,0,1,1,0,0,0,0,None,0,0,1,1,0,1,0,1
34,2,jawa_bali,banten,3,cilegon_ptip_power_station_solar,,solar,1055.96811,0,,,,,,,,,,,,,,,,,,,-6.0238894,105.9501269,Gardu Induk Polyprima,0.054894458,3,1,560000,0,0,10000,0,0,1055.96811,0,1,1,0,0,0,0,None,0,0,1,1,0,1,0,1
35,2,jawa_bali,banten,4,dss_serang_power_station_unit_1,,coal_captive,35,0,operating,2004,,pulp_paper,,,pt_dian_swastatika_sentosa_tbk,sinar_mas_group_599,indonesia,,,,,no,,,,,-6.12543501,106.2892051,Gardu Induk Indah Kiat (IKPP),0.509927225,4,-1,1600000,0,0,43900,0,0.12,35,0.25,0.035,0.035,1,110,13.7,8.97,coal_captive,24,24,1,1,1,0,0,0
36,2,jawa_bali,banten,4,dss_serang_power_station_unit_2,,coal_captive,35,0,operating,2004,,pulp_paper,,,pt_dian_swastatika_sentosa_tbk,sinar_mas_group_599,indonesia,,,,,no,,,,,-6.12543501,106.2892051,Gardu Induk Indah Kiat (IKPP),0.509927225,4,-1,1600000,0,0,43900,0,0.12,35,0.25,0.035,0.035,1,110,13.7,8.97,coal_captive,24,24,1,1,1,0,0,0
37,2,jawa_bali,banten,4,dss_serang_power_station_unit_3,,coal_captive,35,0,operating,2004,,pulp_paper,,_,pt_dian_swastatika_sentosa_tbk,sinar_mas_group_599,indonesia,,,,,no,,,,,-6.12543501,106.2892051,Gardu Induk Indah Kiat (IKPP),0.509927225,4,-1,1600000,0,0,43900,0,0.12,35,0.25,0.035,0.035,1,110,13.7,8.97,coal_captive,24,24,1,1,1,0,0,0
38,2,jawa_bali,banten,4,dss_serang_power_station_unit_4,,coal_captive,70,0,operating,2004,,pulp_paper,,,pt_dian_swastatika_sentosa_tbk,sinar_mas_group_599,indonesia,,,,,no,,,,,-6.12543501,106.2892051,Gardu Induk Indah Kiat (IKPP),0.509927225,4,-1,1600000,0,0,43900,0,0.12,70,0.25,0.035,0.035,1,110,13.7,8.97,coal_captive,24,24,1,1,1,0,0,0
39,2,jawa_bali,banten,4,dss_serang_power_station_geothermal,,geothermal,6042.848192,0,,,,,,,,,,,,,,,,,,,-6.12543501,106.2892051,Gardu Induk Indah Kiat (IKPP),0.509927225,1.5,1,3440000,0,0,43000,0,0.22,6042.848192,0,0.1,0.1,0,0,0,10.34,None,0,0,1,1,0,0,0,1
40,2,jawa_bali,banten,4,dss_serang_power_station_geothermal,,geothermal,2683.228819,0,,,,,,,,,,,,,,,,,,,-6.12543501,106.2892051,Gardu Induk Indah Kiat (IKPP),0.509927225,2,1,3440000,0,0,43000,0,0.22,2683.228819,0,0.1,0.1,0,0,0,10.34,None,0,0,1,1,0,0,0,1
41,2,jawa_bali,banten,4,dss_serang_power_station_geothermal,,geothermal,2627.982416,0,,,,,,,,,,,,,,,,,,,-6.12543501,106.2892051,Gardu Induk Indah Kiat (IKPP),0.509927225,2.5,1,3440000,0,0,43000,0,0.22,2627.982416,0,0.1,0.1,0,0,0,10.34,None,0,0,1,1,0,0,0,1
42,2,jawa_bali,banten,4,dss_serang_power_station_geothermal,,geothermal,1270.109778,0,,,,,,,,,,,,,,,,,,,-6.12543501,106.2892051,Gardu Induk Indah Kiat (IKPP),0.509927225,3,1,3440000,0,0,43000,0,0.22,1270.109778,0,0.1,0.1,0,0,0,10.34,None,0,0,1,1,0,0,0,1
43,2,jawa_bali,banten,4,dss_serang_power_station_solar,,solar,14401.86744,0,,,,,,,,,,,,,,,,,,,-6.12543501,106.2892051,Gardu Induk Indah Kiat (IKPP),0.509927225,1.5,1,560000,0,0,10000,0,0,14401.86744,0,1,1,0,0,0,0,None,0,0,1,1,0,1,0,1
44,2,jawa_bali,banten,4,dss_serang_power_station_solar,,solar,6439.749167,0,,,,,,,,,,,,,,,,,,,-6.12543501,106.2892051,Gardu Induk Indah Kiat (IKPP),0.509927225,2,1,560000,0,0,10000,0,0,6439.749167,0,1,1,0,0,0,0,None,0,0,1,1,0,1,0,1
45,2,jawa_bali,banten,4,dss_serang_power_station_solar,,solar,414.526139,0,,,,,,,,,,,,,,,,,,,-6.12543501,106.2892051,Gardu Induk Indah Kiat (IKPP),0.509927225,2.5,1,560000,0,0,10000,0,0,414.526139,0,1,1,0,0,0,0,None,0,0,1,1,0,1,0,1
46,2,jawa_bali,banten,4,dss_serang_power_station_solar,,solar,3048.263467,0,,,,,,,,,,,,,,,,,,,-6.12543501,106.2892051,Gardu Induk Indah Kiat (IKPP),0.509927225,3,1,560000,0,0,10000,0,0,3048.263467,0,1,1,0,0,0,0,None,0,0,1,1,0,1,0,1
47,2,jawa_bali,banten,5,pt_indocoke_industry,pltu_indocoke_industry,coal_captive,15,0,operating,2013,,coke,,,pt_indocoke_industry,pt_indocoke_industry,indonesia,,,,,karakatau_industrial_park,,,,,-6.036557,105.96053,,,4,-1,1600000,0,0,43900,0,0.12,15,0.25,0.035,0.035,1,110,13.7,8.97,coal_captive,24,24,1,1,1,0,0,0
48,2,jawa_bali,banten,5,pt_indocoke_industry_geothermal,,geothermal,363.444426,0,,,,,,,,,,,,,,,,,,,,,,,1,1,3440000,0,0,43000,0,0.22,363.444426,0,0.1,0.1,0,0,0,10.34,None,0,0,1,1,0,0,0,1
49,2,jawa_bali,banten,5,pt_indocoke_industry_geothermal,,geothermal,5652.753533,0,,,,,,,,,,,,,,,,,,,,,,,1.5,1,3440000,0,0,43000,0,0.22,5652.753533,0,0.1,0.1,0,0,0,10.34,None,0,0,1,1,0,0,0,1
50,2,jawa_bali,banten,5,pt_indocoke_industry_geothermal,,geothermal,342.41342,0,,,,,,,,,,,,,,,,,,,,,,,2,1,3440000,0,0,43000,0,0.22,342.41342,0,0.1,0.1,0,0,0,10.34,None,0,0,1,1,0,0,0,1
51,2,jawa_bali,banten,5,pt_indocoke_industry_geothermal,,geothermal,401.715956,0,,,,,,,,,,,,,,,,,,,,,,,2.5,1,3440000,0,0,43000,0,0.22,401.715956,0,0.1,0.1,0,0,0,10.34,None,0,0,1,1,0,0,0,1
52,2,jawa_bali,banten,5,pt_indocoke_industry_geothermal,,geothermal,439.986712,0,,,,,,,,,,,,,,,,,,,,,,,3,1,3440000,0,0,43000,0,0.22,439.986712,0,0.1,0.1,0,0,0,10.34,None,0,0,1,1,0,0,0,1
53,2,jawa_bali,banten,5,pt_indocoke_industry_solar,,solar,344.376764,0,,,,,,,,,,,,,,,,,,,,,,,1,1,560000,0,0,10000,0,0,344.376764,0,1,1,0,0,0,0,None,0,0,1,1,0,1,0,1
54,2,jawa_bali,banten,5,pt_indocoke_industry_solar,,solar,10334.91637,0,,,,,,,,,,,,,,,,,,,,,,,1.5,1,560000,0,0,10000,0,0,10334.91637,0,1,1,0,0,0,0,None,0,0,1,1,0,1,0,1
55,2,jawa_bali,banten,5,pt_indocoke_industry_solar,,solar,808.020816,0,,,,,,,,,,,,,,,,,,,,,,,2,1,560000,0,0,10000,0,0,808.020816,0,1,1,0,0,0,0,None,0,0,1,1,0,1,0,1
56,2,jawa_bali,banten,5,pt_indocoke_industry_solar,,solar,64.818771,0,,,,,,,,,,,,,,,,,,,,,,,2.5,1,560000,0,0,10000,0,0,64.818771,0,1,1,0,0,0,0,None,0,0,1,1,0,1,0,1
57,2,jawa_bali,banten,5,pt_indocoke_industry_solar,,solar,1055.96811,0,,,,,,,,,,,,,,,,,,,,,,,3,1,560000,0,0,10000,0,0,1055.96811,0,1,1,0,0,0,0,None,0,0,1,1,0,1,0,1
58,2,jawa_bali,banten,6,pt_permata_dunia_sukses_utama,power_plant_pt_permata_dunia_sukses_utama,coal_captive,21,0,operating,,,sugar,,,pt_permata_dunia_sukses_utama,fks_food_and_agri_pte_ltd,singapore,,,,,karakatau_industrial_park,,,,,-6.019071,105.9753301,,,4,-1,1600000,0,0,43900,0,0.12,21,0.25,0.035,0.035,1,110,13.7,8.97,coal_captive,24,24,1,1,1,0,0,0
59,2,jawa_bali,banten,6,pt_permata_dunia_sukses_utama_geothermal,,geothermal,355.796264,0,,,,,,,,,,,,,,,,,,,,,,,1,1,3440000,0,0,43000,0,0.22,355.796264,0,0.1,0.1,0,0,0,10.34,None,0,0,1,1,0,0,0,1
60,2,jawa_bali,banten,6,pt_permata_dunia_sukses_utama_geothermal,,geothermal,5650.846727,0,,,,,,,,,,,,,,,,,,,,,,,1.5,1,3440000,0,0,43000,0,0.22,5650.846727,0,0.1,0.1,0,0,0,10.34,None,0,0,1,1,0,0,0,1
61,2,jawa_bali,banten,6,pt_permata_dunia_sukses_utama_geothermal,,geothermal,443.807494,0,,,,,,,,,,,,,,,,,,,,,,,2,1,3440000,0,0,43000,0,0.22,443.807494,0,0.1,0.1,0,0,0,10.34,None,0,0,1,1,0,0,0,1
62,2,jawa_bali,banten,6,pt_permata_dunia_sukses_utama_geothermal,,geothermal,585.363407,0,,,,,,,,,,,,,,,,,,,,,,,2.5,1,3440000,0,0,43000,0,0.22,585.363407,0,0.1,0.1,0,0,0,10.34,None,0,0,1,1,0,0,0,1
63,2,jawa_bali,banten,6,pt_permata_dunia_sukses_utama_geothermal,,geothermal,420.859928,0,,,,,,,,,,,,,,,,,,,,,,,3,1,3440000,0,0,43000,0,0.22,420.859928,0,0.1,0.1,0,0,0,10.34,None,0,0,1,1,0,0,0,1
64,2,jawa_bali,banten,6,pt_permata_dunia_sukses_utama_solar,,solar,362.743546,0,,,,,,,,,,,,,,,,,,,,,,,1,1,560000,0,0,10000,0,0,362.743546,0,1,1,0,0,0,0,None,0,0,1,1,0,1,0,1
65,2,jawa_bali,banten,6,pt_permata_dunia_sukses_utama_solar,,solar,10220.16683,0,,,,,,,,,,,,,,,,,,,,,,,1.5,1,560000,0,0,10000,0,0,10220.16683,0,1,1,0,0,0,0,None,0,0,1,1,0,1,0,1
66,2,jawa_bali,banten,6,pt_permata_dunia_sukses_utama_solar,,solar,1065.137987,0,,,,,,,,,,,,,,,,,,,,,,,2,1,560000,0,0,10000,0,0,1065.137987,0,1,1,0,0,0,0,None,0,0,1,1,0,1,0,1
67,2,jawa_bali,banten,6,pt_permata_dunia_sukses_utama_solar,,solar,98.657246,0,,,,,,,,,,,,,,,,,,,,,,,2.5,1,560000,0,0,10000,0,0,98.657246,0,1,1,0,0,0,0,None,0,0,1,1,0,1,0,1
68,2,jawa_bali,banten,6,pt_permata_dunia_sukses_utama_solar,,solar,1010.063827,0,,,,,,,,,,,,,,,,,,,,,,,3,1,560000,0,0,10000,0,0,1010.063827,0,1,1,0,0,0,0,None,0,0,1,1,0,1,0,1
69,2,jawa_bali,banten,7,pt_sentra_usahatama_jaya,,coal_captive,22,0,operating,,,sugar,,,pt_sentra_usahatama_jaya,pt_sumbermas_mulyalestari,indonesia,,,,,no,,,,,-6.0212822,105.967855,,,4,-1,1600000,0,0,43900,0,0.12,22,0.25,0.035,0.035,1,110,13.7,8.97,coal_captive,24,24,1,1,1,0,0,0
70,2,jawa_bali,banten,7,pt_sentra_usahatama_jaya_geothermal,,geothermal,348.143438,0,,,,,,,,,,,,,,,,,,,,,,,1,1,3440000,0,0,43000,0,0.22,348.143438,0,0.1,0.1,0,0,0,10.34,None,0,0,1,1,0,0,0,1
71,2,jawa_bali,banten,7,pt_sentra_usahatama_jaya_geothermal,,geothermal,5652.759303,0,,,,,,,,,,,,,,,,,,,,,,,1.5,1,3440000,0,0,43000,0,0.22,5652.759303,0,0.1,0.1,0,0,0,10.34,None,0,0,1,1,0,0,0,1
72,2,jawa_bali,banten,7,pt_sentra_usahatama_jaya_geothermal,,geothermal,403.636059,0,,,,,,,,,,,,,,,,,,,,,,,2,1,3440000,0,0,43000,0,0.22,403.636059,0,0.1,0.1,0,0,0,10.34,None,0,0,1,1,0,0,0,1
73,2,jawa_bali,banten,7,pt_sentra_usahatama_jaya_geothermal,,geothermal,583.450203,0,,,,,,,,,,,,,,,,,,,,,,,2.5,1,3440000,0,0,43000,0,0.22,583.450203,0,0.1,0.1,0,0,0,10.34,None,0,0,1,1,0,0,0,1
74,2,jawa_bali,banten,7,pt_sentra_usahatama_jaya_geothermal,,geothermal,422.771801,0,,,,,,,,,,,,,,,,,,,,,,,3,1,3440000,0,0,43000,0,0.22,422.771801,0,0.1,0.1,0,0,0,10.34,None,0,0,1,1,0,0,0,1
75,2,jawa_bali,banten,7,pt_sentra_usahatama_jaya_solar,,solar,344.376764,0,,,,,,,,,,,,,,,,,,,,,,,1,1,560000,0,0,10000,0,0,344.376764,0,1,1,0,0,0,0,None,0,0,1,1,0,1,0,1
76,2,jawa_bali,banten,7,pt_sentra_usahatama_jaya_solar,,solar,10224.75701,0,,,,,,,,,,,,,,,,,,,,,,,1.5,1,560000,0,0,10000,0,0,10224.75701,0,1,1,0,0,0,0,None,0,0,1,1,0,1,0,1
77,2,jawa_bali,banten,7,pt_sentra_usahatama_jaya_solar,,solar,968.726542,0,,,,,,,,,,,,,,,,,,,,,,,2,1,560000,0,0,10000,0,0,968.726542,0,1,1,0,0,0,0,None,0,0,1,1,0,1,0,1
78,2,jawa_bali,banten,7,pt_sentra_usahatama_jaya_solar,,solar,98.385115,0,,,,,,,,,,,,,,,,,,,,,,,2.5,1,560000,0,0,10000,0,0,98.385115,0,1,1,0,0,0,0,None,0,0,1,1,0,1,0,1
79,2,jawa_bali,banten,7,pt_sentra_usahatama_jaya_solar,,solar,1014.652323,0,,,,,,,,,,,,,,,,,,,,,,,3,1,560000,0,0,10000,0,0,1014.652323,0,1,1,0,0,0,0,None,0,0,1,1,0,1,0,1
80,2,jawa_bali,banten,8,pt_angels_products,,coal_captive,15,0,operating,,,sugar,,,pt_angels_products,pt_binamadya_usahatama,indonesia,,,,,bojonegara_industrial_park,,,,,-5.9666476,106.103089,,,4,-1,1600000,0,0,43900,0,0.12,15,0.25,0.035,0.035,1,110,13.7,8.97,coal_captive,24,24,1,1,1,0,0,0
81,2,jawa_bali,banten,8,pt_angels_products_geothermal,,geothermal,166.445994,0,,,,,,,,,,,,,,,,,,,,,,,1,1,3440000,0,0,43000,0,0.22,166.445994,0,0.1,0.1,0,0,0,10.34,None,0,0,1,1,0,0,0,1
82,2,jawa_bali,banten,8,pt_angels_products_geothermal,,geothermal,5687.187591,0,,,,,,,,,,,,,,,,,,,,,,,1.5,1,3440000,0,0,43000,0,0.22,5687.187591,0,0.1,0.1,0,0,0,10.34,None,0,0,1,1,0,0,0,1
83,2,jawa_bali,banten,8,pt_angels_products_geothermal,,geothermal,417.044636,0,,,,,,,,,,,,,,,,,,,,,,,2,1,3440000,0,0,43000,0,0.22,417.044636,0,0.1,0.1,0,0,0,10.34,None,0,0,1,1,0,0,0,1
84,2,jawa_bali,banten,8,pt_angels_products_geothermal,,geothermal,539.488903,0,,,,,,,,,,,,,,,,,,,,,,,2.5,1,3440000,0,0,43000,0,0.22,539.488903,0,0.1,0.1,0,0,0,10.34,None,0,0,1,1,0,0,0,1
85,2,jawa_bali,banten,8,pt_angels_products_geothermal,,geothermal,939.287599,0,,,,,,,,,,,,,,,,,,,,,,,3,1,3440000,0,0,43000,0,0.22,939.287599,0,0.1,0.1,0,0,0,10.34,None,0,0,1,1,0,0,0,1
86,2,jawa_bali,banten,8,pt_angels_products_solar,,solar,399.470386,0,,,,,,,,,,,,,,,,,,,,,,,1,1,560000,0,0,10000,0,0,399.470386,0,1,1,0,0,0,0,None,0,0,1,1,0,1,0,1
87,2,jawa_bali,banten,8,pt_angels_products_solar,,solar,10307.3849,0,,,,,,,,,,,,,,,,,,,,,,,1.5,1,560000,0,0,10000,0,0,10307.3849,0,1,1,0,0,0,0,None,0,0,1,1,0,1,0,1
88,2,jawa_bali,banten,8,pt_angels_products_solar,,solar,1000.907125,0,,,,,,,,,,,,,,,,,,,,,,,2,1,560000,0,0,10000,0,0,1000.907125,0,1,1,0,0,0,0,None,0,0,1,1,0,1,0,1
89,2,jawa_bali,banten,8,pt_angels_products_solar,,solar,92.712075,0,,,,,,,,,,,,,,,,,,,,,,,2.5,1,560000,0,0,10000,0,0,92.712075,0,1,1,0,0,0,0,None,0,0,1,1,0,1,0,1
90,2,jawa_bali,banten,8,pt_angels_products_solar,,solar,2254.290237,0,,,,,,,,,,,,,,,,,,,,,,,3,1,560000,0,0,10000,0,0,2254.290237,0,1,1,0,0,0,0,None,0,0,1,1,0,1,0,1
91,2,jawa_bali,banten,9,pt_berkah_manis_makmur,,coal_captive,18,0,operating,,,sugar,,,pt_berkah_manis_makmur,pt_karunia_cipta_sempurna,indonesia,,,,,no,,,,,-6.20978724,106.3726991,,,4,-1,1600000,0,0,43900,0,0.12,18,0.25,0.035,0.035,1,110,13.7,8.97,coal_captive,24,24,1,1,1,0,0,0
92,2,jawa_bali,banten,9,pt_berkah_manis_makmur_geothermal,,geothermal,4717.492051,0,,,,,,,,,,,,,,,,,,,,,,,1.5,1,3440000,0,0,43000,0,0.22,4717.492051,0,0.1,0.1,0,0,0,10.34,None,0,0,1,1,0,0,0,1
93,2,jawa_bali,banten,9,pt_berkah_manis_makmur_geothermal,,geothermal,2239.434424,0,,,,,,,,,,,,,,,,,,,,,,,2,1,3440000,0,0,43000,0,0.22,2239.434424,0,0.1,0.1,0,0,0,10.34,None,0,0,1,1,0,0,0,1
94,2,jawa_bali,banten,9,pt_berkah_manis_makmur_geothermal,,geothermal,2606.917641,0,,,,,,,,,,,,,,,,,,,,,,,2.5,1,3440000,0,0,43000,0,0.22,2606.917641,0,0.1,0.1,0,0,0,10.34,None,0,0,1,1,0,0,0,1
95,2,jawa_bali,banten,9,pt_berkah_manis_makmur_geothermal,,geothermal,3.825053,0,,,,,,,,,,,,,,,,,,,,,,,3,1,3440000,0,0,43000,0,0.22,3.825053,0,0.1,0.1,0,0,0,10.34,None,0,0,1,1,0,0,0,1
96,2,jawa_bali,banten,9,pt_berkah_manis_makmur_solar,,solar,11221.0127,0,,,,,,,,,,,,,,,,,,,,,,,1.5,1,560000,0,0,10000,0,0,11221.0127,0,1,1,0,0,0,0,None,0,0,1,1,0,1,0,1
97,2,jawa_bali,banten,9,pt_berkah_manis_makmur_solar,,solar,5342.516305,0,,,,,,,,,,,,,,,,,,,,,,,2,1,560000,0,0,10000,0,0,5342.516305,0,1,1,0,0,0,0,None,0,0,1,1,0,1,0,1
98,2,jawa_bali,banten,9,pt_berkah_manis_makmur_solar,,solar,424.859488,0,,,,,,,,,,,,,,,,,,,,,,,2.5,1,560000,0,0,10000,0,0,424.859488,0,1,1,0,0,0,0,None,0,0,1,1,0,1,0,1
99,2,jawa_bali,banten,9,pt_berkah_manis_makmur_solar,,solar,9.180126,0,,,,,,,,,,,,,,,,,,,,,,,3,1,560000,0,0,10000,0,0,9.180126,0,1,1,0,0,0,0,None,0,0,1,1,0,1,0,1
100,2,jawa_bali,banten,10,pt_chandra_asri_petrochemical_tbk,,coal_captive,21,0,operating,,,petrochemicals,,,pt_chandra_asri_petrochemical_tbk,egco_group_30,thailand,,,,,no,,,,,-6.0383271,105.934279,,,4,-1,1600000,0,0,43900,0,0.12,21,0.25,0.035,0.035,1,110,13.7,8.97,coal_captive,24,24,1,1,1,0,0,0
101,2,jawa_bali,banten,10,pt_chandra_asri_petrochemical_tbk_geothermal,,geothermal,216.128654,0,,,,,,,,,,,,,,,,,,,,,,,1,1,3440000,0,0,43000,0,0.22,216.128654,0,0.1,0.1,0,0,0,10.34,None,0,0,1,1,0,0,0,1
102,2,jawa_bali,banten,10,pt_chandra_asri_petrochemical_tbk_geothermal,,geothermal,5637.448873,0,,,,,,,,,,,,,,,,,,,,,,,1.5,1,3440000,0,0,43000,0,0.22,5637.448873,0,0.1,0.1,0,0,0,10.34,None,0,0,1,1,0,0,0,1
103,2,jawa_bali,banten,10,pt_chandra_asri_petrochemical_tbk_geothermal,,geothermal,256.324268,0,,,,,,,,,,,,,,,,,,,,,,,2,1,3440000,0,0,43000,0,0.22,256.324268,0,0.1,0.1,0,0,0,10.34,None,0,0,1,1,0,0,0,1
104,2,jawa_bali,banten,10,pt_chandra_asri_petrochemical_tbk_geothermal,,geothermal,361.539397,0,,,,,,,,,,,,,,,,,,,,,,,2.5,1,3440000,0,0,43000,0,0.22,361.539397,0,0.1,0.1,0,0,0,10.34,None,0,0,1,1,0,0,0,1
105,2,jawa_bali,banten,10,pt_chandra_asri_petrochemical_tbk_geothermal,,geothermal,409.373824,0,,,,,,,,,,,,,,,,,,,,,,,3,1,3440000,0,0,43000,0,0.22,409.373824,0,0.1,0.1,0,0,0,10.34,None,0,0,1,1,0,0,0,1
106,2,jawa_bali,banten,10,pt_chandra_asri_petrochemical_tbk_solar,,solar,10302.7755,0,,,,,,,,,,,,,,,,,,,,,,,1.5,1,560000,0,0,10000,0,0,10302.7755,0,1,1,0,0,0,0,None,0,0,1,1,0,1,0,1
107,2,jawa_bali,banten,10,pt_chandra_asri_petrochemical_tbk_solar,,solar,601.406851,0,,,,,,,,,,,,,,,,,,,,,,,2,1,560000,0,0,10000,0,0,601.406851,0,1,1,0,0,0,0,None,0,0,1,1,0,1,0,1
108,2,jawa_bali,banten,10,pt_chandra_asri_petrochemical_tbk_solar,,solar,55.125486,0,,,,,,,,,,,,,,,,,,,,,,,2.5,1,560000,0,0,10000,0,0,55.125486,0,1,1,0,0,0,0,None,0,0,1,1,0,1,0,1
109,2,jawa_bali,banten,10,pt_chandra_asri_petrochemical_tbk_solar,,solar,977.906769,0,,,,,,,,,,,,,,,,,,,,,,,3,1,560000,0,0,10000,0,0,977.906769,0,1,1,0,0,0,0,None,0,0,1,1,0,1,0,1
110,2,jawa_bali,banten,11,pt_dian_swastatika_sentosa_tangerang_power_plant,,coal_captive,19,0,operating,,,pulp_paper,,,pt_dian_swastatika_sentosa_tbk,sinar_mas_group,indonesia,,,,,no,,,,,-6.248232386,106.6472194,,,4,-1,1600000,0,0,43900,0,0.12,19,0.25,0.035,0.035,1,110,13.7,8.97,coal_captive,24,24,1,1,1,0,0,0
111,2,jawa_bali,banten,11,pt_dian_swastatika_sentosa_tangerang_power_plant_geothermal,,geothermal,6438.18547,0,,,,,,,,,,,,,,,,,,,,,,,1.5,1,3440000,0,0,43000,0,0.22,6438.18547,0,0.1,0.1,0,0,0,10.34,None,0,0,1,1,0,0,0,1
112,2,jawa_bali,banten,11,pt_dian_swastatika_sentosa_tangerang_power_plant_geothermal,,geothermal,776.423498,0,,,,,,,,,,,,,,,,,,,,,,,2,1,3440000,0,0,43000,0,0.22,776.423498,0,0.1,0.1,0,0,0,10.34,None,0,0,1,1,0,0,0,1
113,2,jawa_bali,banten,11,pt_dian_swastatika_sentosa_tangerang_power_plant_geothermal,,geothermal,237.13752,0,,,,,,,,,,,,,,,,,,,,,,,2.5,1,3440000,0,0,43000,0,0.22,237.13752,0,0.1,0.1,0,0,0,10.34,None,0,0,1,1,0,0,0,1
114,2,jawa_bali,banten,11,pt_dian_swastatika_sentosa_tangerang_power_plant_geothermal,,geothermal,7.649561,0,,,,,,,,,,,,,,,,,,,,,,,3,1,3440000,0,0,43000,0,0.22,7.649561,0,0.1,0.1,0,0,0,10.34,None,0,0,1,1,0,0,0,1
115,2,jawa_bali,banten,11,pt_dian_swastatika_sentosa_tangerang_power_plant_solar,,solar,13230.40066,0,,,,,,,,,,,,,,,,,,,,,,,1.5,1,560000,0,0,10000,0,0,13230.40066,0,1,1,0,0,0,0,None,0,0,1,1,0,1,0,1
116,2,jawa_bali,banten,11,pt_dian_swastatika_sentosa_tangerang_power_plant_solar,,solar,1854.237451,0,,,,,,,,,,,,,,,,,,,,,,,2,1,560000,0,0,10000,0,0,1854.237451,0,1,1,0,0,0,0,None,0,0,1,1,0,1,0,1
117,2,jawa_bali,banten,11,pt_dian_swastatika_sentosa_tangerang_power_plant_solar,,solar,41.171806,0,,,,,,,,,,,,,,,,,,,,,,,2.5,1,560000,0,0,10000,0,0,41.171806,0,1,1,0,0,0,0,None,0,0,1,1,0,1,0,1
118,2,jawa_bali,banten,11,pt_dian_swastatika_sentosa_tangerang_power_plant_solar,,solar,18.358946,0,,,,,,,,,,,,,,,,,,,,,,,3,1,560000,0,0,10000,0,0,18.358946,0,1,1,0,0,0,0,None,0,0,1,1,0,1,0,1
119,3,jawa_bali,west_java,12,bandung_indosyntec_power_station_unit_1,,coal_captive,30,0,operating,2004,,textiles,,,pt_panasia_indo_resources_tbk,lucky_height_resources_ltd_278_gold_gazelle_profits_corp_196_pt_panasia_synthetic_abadi_194_ortega_management_ltd_100_mercury_capital_international_inc_97_prime_invesco_ltd_95,singapore_british_virgin_islands_indonesia,,,,,no,subcritical,,,,-6.9705007,107.6057823,GIS Dayeuhkolot,1.390265106,4,-1,1600000,0,0,43900,0,0.12,30,0.25,0.035,0.035,1,110,13.7,8.97,coal_captive,24,24,1,1,1,0,0,0
120,3,jawa_bali,west_java,12,bandung_indosyntec_power_station_geothermal,,geothermal,106.915122,0,,,,,,,,,,,,,,,,,,,-6.9705007,107.6057823,GIS Dayeuhkolot,1.390265106,1,1,3440000,0,0,43000,0,0.22,106.915122,0,0.1,0.1,0,0,0,10.34,None,0,0,1,1,0,0,0,1
121,3,jawa_bali,west_java,12,bandung_indosyntec_power_station_geothermal,,geothermal,7406.795921,0,,,,,,,,,,,,,,,,,,,-6.9705007,107.6057823,GIS Dayeuhkolot,1.390265106,1.5,1,3440000,0,0,43000,0,0.22,7406.795921,0,0.1,0.1,0,0,0,10.34,None,0,0,1,1,0,0,0,1
122,3,jawa_bali,west_java,12,bandung_indosyntec_power_station_solar,,solar,256.596292,0,,,,,,,,,,,,,,,,,,,-6.9705007,107.6057823,GIS Dayeuhkolot,1.390265106,1,1,560000,0,0,10000,0,0,256.596292,0,1,1,0,0,0,0,None,0,0,1,1,0,1,0,1
123,3,jawa_bali,west_java,12,bandung_indosyntec_power_station_solar,,solar,17776.31021,0,,,,,,,,,,,,,,,,,,,-6.9705007,107.6057823,GIS Dayeuhkolot,1.390265106,1.5,1,560000,0,0,10000,0,0,17776.31021,0,1,1,0,0,0,0,None,0,0,1,1,0,1,0,1
124,3,jawa_bali,west_java,13,fajar_power_station_unit_1,,coal_captive,64,0,operating,2017,,pulp_paper,,,pt_fajar_surya_wisesa,the_siam_cement_pcl_997,thailand,,,shanghai_power_equipment_research_institute,epc,jababeka_industrial_estate,,,,,-6.272646,107.124019,Gardu Induk Fajar,0.336677832,4,-1,1600000,0,0,43900,0,0.12,64,0.25,0.035,0.035,1,110,13.7,8.97,coal_captive,24,24,1,1,1,0,0,0
125,3,jawa_bali,west_java,13,fajar_power_station_geothermal,,geothermal,2502.89958,0,,,,,,,,,,,,,,,,,,,-6.272646,107.124019,Gardu Induk Fajar,0.336677832,1.5,1,3440000,0,0,43000,0,0.22,2502.89958,0,0.1,0.1,0,0,0,10.34,None,0,0,1,1,0,0,0,1
126,3,jawa_bali,west_java,13,fajar_power_station_geothermal,,geothermal,1516.375266,0,,,,,,,,,,,,,,,,,,,-6.272646,107.124019,Gardu Induk Fajar,0.336677832,2,1,3440000,0,0,43000,0,0.22,1516.375266,0,0.1,0.1,0,0,0,10.34,None,0,0,1,1,0,0,0,1
127,3,jawa_bali,west_java,13,fajar_power_station_geothermal,,geothermal,1246.808183,0,,,,,,,,,,,,,,,,,,,-6.272646,107.124019,Gardu Induk Fajar,0.336677832,2.5,1,3440000,0,0,43000,0,0.22,1246.808183,0,0.1,0.1,0,0,0,10.34,None,0,0,1,1,0,0,0,1
128,3,jawa_bali,west_java,13,fajar_power_station_geothermal,,geothermal,61.195146,0,,,,,,,,,,,,,,,,,,,-6.272646,107.124019,Gardu Induk Fajar,0.336677832,3,1,3440000,0,0,43000,0,0.22,61.195146,0,0.1,0.1,0,0,0,10.34,None,0,0,1,1,0,0,0,1
129,3,jawa_bali,west_java,13,fajar_power_station_solar,,solar,11256.30006,0,,,,,,,,,,,,,,,,,,,-6.272646,107.124019,Gardu Induk Fajar,0.336677832,1.5,1,560000,0,0,10000,0,0,11256.30006,0,1,1,0,0,0,0,None,0,0,1,1,0,1,0,1
130,3,jawa_bali,west_java,13,fajar_power_station_solar,,solar,3822.853204,0,,,,,,,,,,,,,,,,,,,-6.272646,107.124019,Gardu Induk Fajar,0.336677832,2,1,560000,0,0,10000,0,0,3822.853204,0,1,1,0,0,0,0,None,0,0,1,1,0,1,0,1
131,3,jawa_bali,west_java,13,fajar_power_station_solar,,solar,198.604817,0,,,,,,,,,,,,,,,,,,,-6.272646,107.124019,Gardu Induk Fajar,0.336677832,2.5,1,560000,0,0,10000,0,0,198.604817,0,1,1,0,0,0,0,None,0,0,1,1,0,1,0,1
132,3,jawa_bali,west_java,13,fajar_power_station_solar,,solar,146.868351,0,,,,,,,,,,,,,,,,,,,-6.272646,107.124019,Gardu Induk Fajar,0.336677832,3,1,560000,0,0,10000,0,0,146.868351,0,1,1,0,0,0,0,None,0,0,1,1,0,1,0,1
133,3,jawa_bali,west_java,14,indo_bharat_rayon_power_station_unit_1,,coal_captive,37,0,operating,2008,,textiles,,,pt_indo_bharat_rayon,aditya_birla_group,indonesia,,,,,no,,,,,-6.4858007,107.3852029,Gardu Induk Indobharat,0.369837904,4,-1,1600000,0,0,43900,0,0.12,37,0.25,0.035,0.035,1,110,13.7,8.97,coal_captive,24,24,1,1,1,0,0,0
134,3,jawa_bali,west_java,14,indo_bharat_rayon_power_station_geothermal,,geothermal,653.649731,0,,,,,,,,,,,,,,,,,,,-6.4858007,107.3852029,Gardu Induk Indobharat,0.369837904,1,1,3440000,0,0,43000,0,0.22,653.649731,0,0.1,0.1,0,0,0,10.34,None,0,0,1,1,0,0,0,1
135,3,jawa_bali,west_java,14,indo_bharat_rayon_power_station_geothermal,,geothermal,12060.85571,0,,,,,,,,,,,,,,,,,,,-6.4858007,107.3852029,Gardu Induk Indobharat,0.369837904,1.5,1,3440000,0,0,43000,0,0.22,12060.85571,0,0.1,0.1,0,0,0,10.34,None,0,0,1,1,0,0,0,1
136,3,jawa_bali,west_java,14,indo_bharat_rayon_power_station_solar,,solar,2174.28634,0,,,,,,,,,,,,,,,,,,,-6.4858007,107.3852029,Gardu Induk Indobharat,0.369837904,1,1,560000,0,0,10000,0,0,2174.28634,0,1,1,0,0,0,0,None,0,0,1,1,0,1,0,1
137,3,jawa_bali,west_java,14,indo_bharat_rayon_power_station_solar,,solar,34868.32849,0,,,,,,,,,,,,,,,,,,,-6.4858007,107.3852029,Gardu Induk Indobharat,0.369837904,1.5,1,560000,0,0,10000,0,0,34868.32849,0,1,1,0,0,0,0,None,0,0,1,1,0,1,0,1
138,3,jawa_bali,west_java,15,pindodeliii_power_station_unit_1,pt_kgj__pd1,coal_captive,50,0,operating,2007,,pulp_paper,,,pt_dian_swastatika_sentosa_tbk,sinar_mas_group,indonesia,,,,,no,subcritical,,,,-6.3231359,107.3163967,,,4,-1,1600000,0,0,43900,0,0.12,50,0.25,0.035,0.035,1,110,13.7,8.97,coal_captive,24,24,1,1,1,0,0,0
139,3,jawa_bali,west_java,15,pindodeliii_power_station_unit_2,pt_dss_cogen_power_plant,coal_captive,90,0,operating,2004,,pulp_paper,,,pt_dian_swastatika_sentosa_tbk,sinar_mas_group,indonesia,,,,,karawang_jabar_industrial_estate_kjie,,,,,-6.385474,107.343624,,,4,-1,1600000,0,0,43900,0,0.12,90,0.25,0.035,0.035,1,110,13.7,8.97,coal_captive,24,24,1,1,1,0,0,0
140,3,jawa_bali,west_java,15,pindodeliii_power_station_geothermal,,geothermal,250.393992,0,,,,,,,,,,,,,,,,,,,,,,,1,1,3440000,0,0,43000,0,0.22,250.393992,0,0.1,0.1,0,0,0,10.34,None,0,0,1,1,0,0,0,1
141,3,jawa_bali,west_java,15,pindodeliii_power_station_geothermal,,geothermal,12097.20808,0,,,,,,,,,,,,,,,,,,,,,,,1.5,1,3440000,0,0,43000,0,0.22,12097.20808,0,0.1,0.1,0,0,0,10.34,None,0,0,1,1,0,0,0,1
142,3,jawa_bali,west_java,15,pindodeliii_power_station_geothermal,,geothermal,2057.303218,0,,,,,,,,,,,,,,,,,,,,,,,2,1,3440000,0,0,43000,0,0.22,2057.303218,0,0.1,0.1,0,0,0,10.34,None,0,0,1,1,0,0,0,1
143,3,jawa_bali,west_java,15,pindodeliii_power_station_geothermal,,geothermal,1131.97294,0,,,,,,,,,,,,,,,,,,,,,,,2.5,1,3440000,0,0,43000,0,0.22,1131.97294,0,0.1,0.1,0,0,0,10.34,None,0,0,1,1,0,0,0,1
144,3,jawa_bali,west_java,15,pindodeliii_power_station_geothermal,,geothermal,32.506846,0,,,,,,,,,,,,,,,,,,,,,,,3,1,3440000,0,0,43000,0,0.22,32.506846,0,0.1,0.1,0,0,0,10.34,None,0,0,1,1,0,0,0,1
145,3,jawa_bali,west_java,15,pindodeliii_power_station_solar,,solar,600.945581,0,,,,,,,,,,,,,,,,,,,,,,,1,1,560000,0,0,10000,0,0,600.945581,0,1,1,0,0,0,0,None,0,0,1,1,0,1,0,1
146,3,jawa_bali,west_java,15,pindodeliii_power_station_solar,,solar,35368.57117,0,,,,,,,,,,,,,,,,,,,,,,,1.5,1,560000,0,0,10000,0,0,35368.57117,0,1,1,0,0,0,0,None,0,0,1,1,0,1,0,1
147,3,jawa_bali,west_java,15,pindodeliii_power_station_solar,,solar,4942.116198,0,,,,,,,,,,,,,,,,,,,,,,,2,1,560000,0,0,10000,0,0,4942.116198,0,1,1,0,0,0,0,None,0,0,1,1,0,1,0,1
148,3,jawa_bali,west_java,15,pindodeliii_power_station_solar,,solar,213.476053,0,,,,,,,,,,,,,,,,,,,,,,,2.5,1,560000,0,0,10000,0,0,213.476053,0,1,1,0,0,0,0,None,0,0,1,1,0,1,0,1
149,3,jawa_bali,west_java,15,pindodeliii_power_station_solar,,solar,78.016429,0,,,,,,,,,,,,,,,,,,,,,,,3,1,560000,0,0,10000,0,0,78.016429,0,1,1,0,0,0,0,None,0,0,1,1,0,1,0,1
150,3,jawa_bali,west_java,16,purwakarta_indorama_power_station_unit_1,,coal_captive,30,0,operating,2006,,textiles,,,pt_pln_persero,pt_pln_persero,indonesia,,,,,no,subcritical,,,,-6.553921,107.413652,Gardu Induk Indorama,0.398934044,4,-1,1600000,0,0,43900,0,0.12,30,0.25,0.035,0.035,1,110,13.7,8.97,coal_captive,24,24,1,1,1,0,0,0
151,3,jawa_bali,west_java,16,purwakarta_indorama_power_station_unit_2,,coal_captive,30,0,operating,2006,,textiles,,,pt_pln_persero,pt_pln_persero,indonesia,,,,,no,subcritical,,,,-6.553921,107.413652,Gardu Induk Indorama,0.398934044,4,-1,1600000,0,0,43900,0,0.12,30,0.25,0.035,0.035,1,110,13.7,8.97,coal_captive,24,24,1,1,1,0,0,0
152,3,jawa_bali,west_java,16,purwakarta_indorama_power_station_geothermal,,geothermal,504.512086,0,,,,,,,,,,,,,,,,,,,-6.553921,107.413652,Gardu Induk Indorama,0.398934044,1,1,3440000,0,0,43000,0,0.22,504.512086,0,0.1,0.1,0,0,0,10.34,None,0,0,1,1,0,0,0,1
153,3,jawa_bali,west_java,16,purwakarta_indorama_power_station_geothermal,,geothermal,11995.87483,0,,,,,,,,,,,,,,,,,,,-6.553921,107.413652,Gardu Induk Indorama,0.398934044,1.5,1,3440000,0,0,43000,0,0.22,11995.87483,0,0.1,0.1,0,0,0,10.34,None,0,0,1,1,0,0,0,1
154,3,jawa_bali,west_java,16,purwakarta_indorama_power_station_solar,,solar,1591.567355,0,,,,,,,,,,,,,,,,,,,-6.553921,107.413652,Gardu Induk Indorama,0.398934044,1,1,560000,0,0,10000,0,0,1591.567355,0,1,1,0,0,0,0,None,0,0,1,1,0,1,0,1
155,3,jawa_bali,west_java,16,purwakarta_indorama_power_station_solar,,solar,34712.37439,0,,,,,,,,,,,,,,,,,,,-6.553921,107.413652,Gardu Induk Indorama,0.398934044,1.5,1,560000,0,0,10000,0,0,34712.37439,0,1,1,0,0,0,0,None,0,0,1,1,0,1,0,1
156,3,jawa_bali,west_java,17,pt_south_pasific_viscose,,coal_captive,46,0,operating,,,textiles,,,pt_south_pasific_viscose,lenzing_group,austria,,international_finance_corporation,,,no,,,,,-6.498004,107.399553,,,4,-1,1600000,0,0,43900,0,0.12,46,0.25,0.035,0.035,1,110,13.7,8.97,coal_captive,24,24,1,1,1,0,0,0
157,3,jawa_bali,west_java,17,pt_south_pasific_viscose_geothermal,,geothermal,621.157823,0,,,,,,,,,,,,,,,,,,,,,,,1,1,3440000,0,0,43000,0,0.22,621.157823,0,0.1,0.1,0,0,0,10.34,None,0,0,1,1,0,0,0,1
158,3,jawa_bali,west_java,17,pt_south_pasific_viscose_geothermal,,geothermal,12058.94453,0,,,,,,,,,,,,,,,,,,,,,,,1.5,1,3440000,0,0,43000,0,0.22,12058.94453,0,0.1,0.1,0,0,0,10.34,None,0,0,1,1,0,0,0,1
159,3,jawa_bali,west_java,17,pt_south_pasific_viscose_solar,,solar,2183.464248,0,,,,,,,,,,,,,,,,,,,,,,,1,1,560000,0,0,10000,0,0,2183.464248,0,1,1,0,0,0,0,None,0,0,1,1,0,1,0,1
160,3,jawa_bali,west_java,17,pt_south_pasific_viscose_solar,,solar,34863.74166,0,,,,,,,,,,,,,,,,,,,,,,,1.5,1,560000,0,0,10000,0,0,34863.74166,0,1,1,0,0,0,0,None,0,0,1,1,0,1,0,1
161,3,jawa_bali,west_java,18,pt_aspek_kumbong,power_plant_aspex_kumbong,coal_captive,33,0,operating,,,pulp_paper,,,pt_aspek_kumbong,korindo_group,indonesia,,,,,no,,,,,-6.4276277,106.9548034,,,4,-1,1600000,0,0,43900,0,0.12,33,0.25,0.035,0.035,1,110,13.7,8.97,coal_captive,24,24,1,1,1,0,0,0
162,3,jawa_bali,west_java,18,pt_aspek_kumbong_geothermal,,geothermal,7389.976632,0,,,,,,,,,,,,,,,,,,,,,,,1.5,1,3440000,0,0,43000,0,0.22,7389.976632,0,0.1,0.1,0,0,0,10.34,None,0,0,1,1,0,0,0,1
163,3,jawa_bali,west_java,18,pt_aspek_kumbong_solar,,solar,17735.94392,0,,,,,,,,,,,,,,,,,,,,,,,1.5,1,560000,0,0,10000,0,0,17735.94392,0,1,1,0,0,0,0,None,0,0,1,1,0,1,0,1
164,4,jawa_bali,central_java,19,pt_pura_grouppt_pura_unit_tss,pt_pura_barutama_2x75mw_thermal_power_plant,coal_captive,15,0,operating,,,pulp_paper,,,pt_pura_group,pt_pura_group,indonesia,,,,,no,,,,,-6.8302177,110.82158,,,4,-1,1600000,0,0,43900,0,0.12,15,0.25,0.035,0.035,1,110,13.7,8.97,coal_captive,24,24,1,1,1,0,0,0
165,4,jawa_bali,central_java,19,pt_pura_grouppt_pura_unit_tss_geothermal,,geothermal,2103.125699,0,,,,,,,,,,,,,,,,,,,,,,,1.5,1,3440000,0,0,43000,0,0.22,2103.125699,0,0.1,0.1,0,0,0,10.34,None,0,0,1,1,0,0,0,1
166,4,jawa_bali,central_java,19,pt_pura_grouppt_pura_unit_tss_geothermal,,geothermal,639.86878,0,,,,,,,,,,,,,,,,,,,,,,,2,1,3440000,0,0,43000,0,0.22,639.86878,0,0.1,0.1,0,0,0,10.34,None,0,0,1,1,0,0,0,1
167,4,jawa_bali,central_java,19,pt_pura_grouppt_pura_unit_tss_geothermal,,geothermal,2864.867744,0,,,,,,,,,,,,,,,,,,,,,,,2.5,1,3440000,0,0,43000,0,0.22,2864.867744,0,0.1,0.1,0,0,0,10.34,None,0,0,1,1,0,0,0,1
168,4,jawa_bali,central_java,19,pt_pura_grouppt_pura_unit_tss_geothermal,,geothermal,1955.764561,0,,,,,,,,,,,,,,,,,,,,,,,3,1,3440000,0,0,43000,0,0.22,1955.764561,0,0.1,0.1,0,0,0,10.34,None,0,0,1,1,0,0,0,1
169,4,jawa_bali,central_java,19,pt_pura_grouppt_pura_unit_tss_solar,,solar,5047.501677,0,,,,,,,,,,,,,,,,,,,,,,,1.5,1,560000,0,0,10000,0,0,5047.501677,0,1,1,0,0,0,0,None,0,0,1,1,0,1,0,1
170,4,jawa_bali,central_java,19,pt_pura_grouppt_pura_unit_tss_solar,,solar,1535.685073,0,,,,,,,,,,,,,,,,,,,,,,,2,1,560000,0,0,10000,0,0,1535.685073,0,1,1,0,0,0,0,None,0,0,1,1,0,1,0,1
171,4,jawa_bali,central_java,19,pt_pura_grouppt_pura_unit_tss_solar,,solar,454.880269,0,,,,,,,,,,,,,,,,,,,,,,,2.5,1,560000,0,0,10000,0,0,454.880269,0,1,1,0,0,0,0,None,0,0,1,1,0,1,0,1
172,4,jawa_bali,central_java,19,pt_pura_grouppt_pura_unit_tss_solar,,solar,4693.834946,0,,,,,,,,,,,,,,,,,,,,,,,3,1,560000,0,0,10000,0,0,4693.834946,0,1,1,0,0,0,0,None,0,0,1,1,0,1,0,1
173,4,jawa_bali,central_java,20,pt_rayon_utama_makmur,,coal_captive,30,0,operating,,,viscose,,,pt_rayon_utama_makmur,pt_kapas_agung_abadi,indonesia,,,,,no,,,,,-7.7271303,110.89977,,,4,-1,1600000,0,0,43900,0,0.12,30,0.25,0.035,0.035,1,110,13.7,8.97,coal_captive,24,24,1,1,1,0,0,0
174,4,jawa_bali,central_java,20,pt_rayon_utama_makmur_geothermal,,geothermal,543.216386,0,,,,,,,,,,,,,,,,,,,,,,,1,1,3440000,0,0,43000,0,0.22,543.216386,0,0.1,0.1,0,0,0,10.34,None,0,0,1,1,0,0,0,1
175,4,jawa_bali,central_java,20,pt_rayon_utama_makmur_geothermal,,geothermal,6950.422432,0,,,,,,,,,,,,,,,,,,,,,,,1.5,1,3440000,0,0,43000,0,0.22,6950.422432,0,0.1,0.1,0,0,0,10.34,None,0,0,1,1,0,0,0,1
176,4,jawa_bali,central_java,20,pt_rayon_utama_makmur_solar,,solar,1303.719327,0,,,,,,,,,,,,,,,,,,,,,,,1,1,560000,0,0,10000,0,0,1303.719327,0,1,1,0,0,0,0,None,0,0,1,1,0,1,0,1
177,4,jawa_bali,central_java,20,pt_rayon_utama_makmur_solar,,solar,16681.01384,0,,,,,,,,,,,,,,,,,,,,,,,1.5,1,560000,0,0,10000,0,0,16681.01384,0,1,1,0,0,0,0,None,0,0,1,1,0,1,0,1
178,6,jawa_bali,east_java,21,tjiwi_kimia_paper_mill_power_station_unit_1,,coal_captive,35,0,operating,1992,,pulp_paper,,,pt_pabrik_kertas_tjiwi_kimia_tbk,asia_pulp__paper_company_ltd,singapore,,,,,no,subcritical,,,,7.436835413,112.4688023,,,4,-1,1600000,0,0,43900,0,0.12,35,0.25,0.035,0.035,1,110,13.7,8.97,coal_captive,24,24,1,1,1,0,0,0
179,6,jawa_bali,east_java,21,tjiwi_kimia_paper_mill_power_station_unit_2,,coal_captive,35,0,operating,1993,,pulp_paper,,,pt_pabrik_kertas_tjiwi_kimia_tbk,asia_pulp__paper_company_ltd,singapore,,,,,no,subcritical,,,,7.436835413,112.4688023,,,4,-1,1600000,0,0,43900,0,0.12,35,0.25,0.035,0.035,1,110,13.7,8.97,coal_captive,24,24,1,1,1,0,0,0
180,6,jawa_bali,east_java,21,tjiwi_kimia_paper_mill_power_station_unit_3,,coal_captive,70,0,operating,1996,,pulp_paper,,,pt_pabrik_kertas_tjiwi_kimia_tbk,asia_pulp__paper_company_ltd,singapore,,,,,no,,,,,7.436835413,112.4688023,,,4,-1,1600000,0,0,43900,0,0.12,70,0.25,0.035,0.035,1,110,13.7,8.97,coal_captive,24,24,1,1,1,0,0,0
181,6,jawa_bali,east_java,21,tjiwi_kimia_paper_mill_power_station_unit_4,,coal_captive,90,0,operating,2015,,pulp_paper,,,pt_pabrik_kertas_tjiwi_kimia_tbk,asia_pulp__paper_company_ltd,singapore,,,,,no,,,,,7.436835413,112.4688023,,,4,-1,1600000,0,0,43900,0,0.12,90,0.25,0.035,0.035,1,110,13.7,8.97,coal_captive,24,24,1,1,1,0,0,0
182,2,jawa_bali,banten,1,asahimas_chemical_power_station_battery,,battery,100,208,,,,,,,,,,,,,,,,,,,,,,,4,1,0,578000,0,0,621,2.3,100,0,1,1,2,0,0,0,None,0,0,0.92,0.92,0,0,1,0
183,2,jawa_bali,banten,2,cemindo_gemilang_power_station_battery,,battery,100,208,,,,,,,,,,,,,,,,,,,,,,,4,1,0,578000,0,0,621,2.3,100,0,1,1,2,0,0,0,None,0,0,0.92,0.92,0,0,1,0
184,2,jawa_bali,banten,3,cilegon_ptip_power_station_battery,,battery,100,208,,,,,,,,,,,,,,,,,,,,,,,4,1,0,578000,0,0,621,2.3,100,0,1,1,2,0,0,0,None,0,0,0.92,0.92,0,0,1,0
185,2,jawa_bali,banten,4,dss_serang_power_station_battery,,battery,100,208,,,,,,,,,,,,,,,,,,,,,,,4,1,0,578000,0,0,621,2.3,100,0,1,1,2,0,0,0,None,0,0,0.92,0.92,0,0,1,0
186,2,jawa_bali,banten,5,pt_indocoke_industry_battery,,battery,100,208,,,,,,,,,,,,,,,,,,,,,,,4,1,0,578000,0,0,621,2.3,100,0,1,1,2,0,0,0,None,0,0,0.92,0.92,0,0,1,0
187,2,jawa_bali,banten,6,pt_permata_dunia_sukses_utama_battery,,battery,100,208,,,,,,,,,,,,,,,,,,,,,,,4,1,0,578000,0,0,621,2.3,100,0,1,1,2,0,0,0,None,0,0,0.92,0.92,0,0,1,0
188,2,jawa_bali,banten,7,pt_sentra_usahatama_jaya_battery,,battery,100,208,,,,,,,,,,,,,,,,,,,,,,,4,1,0,578000,0,0,621,2.3,100,0,1,1,2,0,0,0,None,0,0,0.92,0.92,0,0,1,0
189,2,jawa_bali,banten,8,pt_angels_products_battery,,battery,100,208,,,,,,,,,,,,,,,,,,,,,,,4,1,0,578000,0,0,621,2.3,100,0,1,1,2,0,0,0,None,0,0,0.92,0.92,0,0,1,0
190,2,jawa_bali,banten,9,pt_berkah_manis_makmur_battery,,battery,100,208,,,,,,,,,,,,,,,,,,,,,,,4,1,0,578000,0,0,621,2.3,100,0,1,1,2,0,0,0,None,0,0,0.92,0.92,0,0,1,0
191,2,jawa_bali,banten,10,pt_chandra_asri_petrochemical_tbk_battery,,battery,100,208,,,,,,,,,,,,,,,,,,,,,,,4,1,0,578000,0,0,621,2.3,100,0,1,1,2,0,0,0,None,0,0,0.92,0.92,0,0,1,0
192,2,jawa_bali,banten,11,pt_dian_swastatika_sentosa_tangerang_power_plant_battery,,battery,100,208,,,,,,,,,,,,,,,,,,,,,,,4,1,0,578000,0,0,621,2.3,100,0,1,1,2,0,0,0,None,0,0,0.92,0.92,0,0,1,0
193,3,jawa_bali,west_java,12,bandung_indosyntec_power_station_battery,,battery,100,208,,,,,,,,,,,,,,,,,,,,,,,4,1,0,578000,0,0,621,2.3,100,0,1,1,2,0,0,0,None,0,0,0.92,0.92,0,0,1,0
194,3,jawa_bali,west_java,13,fajar_power_station_battery,,battery,100,208,,,,,,,,,,,,,,,,,,,,,,,4,1,0,578000,0,0,621,2.3,100,0,1,1,2,0,0,0,None,0,0,0.92,0.92,0,0,1,0
195,3,jawa_bali,west_java,14,indo_bharat_rayon_power_station_battery,,battery,100,208,,,,,,,,,,,,,,,,,,,,,,,4,1,0,578000,0,0,621,2.3,100,0,1,1,2,0,0,0,None,0,0,0.92,0.92,0,0,1,0
196,3,jawa_bali,west_java,15,pindodeliii_power_station_battery,,battery,100,208,,,,,,,,,,,,,,,,,,,,,,,4,1,0,578000,0,0,621,2.3,100,0,1,1,2,0,0,0,None,0,0,0.92,0.92,0,0,1,0
197,3,jawa_bali,west_java,16,purwakarta_indorama_power_station_battery,,battery,100,208,,,,,,,,,,,,,,,,,,,,,,,4,1,0,578000,0,0,621,2.3,100,0,1,1,2,0,0,0,None,0,0,0.92,0.92,0,0,1,0
198,3,jawa_bali,west_java,17,pt_south_pasific_viscose_battery,,battery,100,208,,,,,,,,,,,,,,,,,,,,,,,4,1,0,578000,0,0,621,2.3,100,0,1,1,2,0,0,0,None,0,0,0.92,0.92,0,0,1,0
199,3,jawa_bali,west_java,18,pt_aspek_kumbong_battery,,battery,100,208,,,,,,,,,,,,,,,,,,,,,,,4,1,0,578000,0,0,621,2.3,100,0,1,1,2,0,0,0,None,0,0,0.92,0.92,0,0,1,0
200,4,jawa_bali,central_java,19,pt_pura_grouppt_pura_unit_tss_battery,,battery,100,208,,,,,,,,,,,,,,,,,,,,,,,4,1,0,578000,0,0,621,2.3,100,0,1,1,2,0,0,0,None,0,0,0.92,0.92,0,0,1,0
201,4,jawa_bali,central_java,20,pt_rayon_utama_makmur_battery,,battery,100,208,,,,,,,,,,,,,,,,,,,,,,,4,1,0,578000,0,0,621,2.3,100,0,1,1,2,0,0,0,None,0,0,0.92,0.92,0,0,1,0
202,6,jawa_bali,east_java,21,tjiwi_kimia_paper_mill_power_station_battery,,battery,100,208,,,,,,,,,,,,,,,,,,,,,,,4,1,0,578000,0,0,621,2.3,100,0,1,1,2,0,0,0,None,0,0,0.92,0.92,0,0,1,0