Village,kabupaten,kecamatan,desa,archetype,households,lat,lon,sited,solar_MW,solar_cap_MW,hubdist_km,hub_name,peak_mw
1,BELU,ATAMBUA,ATAMBUA,trade,900,,,False,,3246.8,,,0.25206
2,BELU,ATAMBUA,FATUBENAO,rice,2746,-9.105784992570412,124.9127571110508,True,4302.8,4302.8,5.639,Gardu Induk Atambua,0.76906
3,BELU,ATAMBUA,MANUMUTIN,livestock,2733,-9.07973091924861,124.8937891843532,True,4130.5,4130.5,3.244,Gardu Induk Atambua,0.76542
4,BELU,ATAMBUA,TENUKIIK,government,1263,-9.095833760828894,124.8984548266226,True,4337.5,4337.5,3.773,Gardu Induk Atambua,0.35372
5,BELU,ATAMBUA BARAT,BEIRAFU,trade,1422,-9.106675262055433,124.8855370719488,True,4249.6,4249.6,3.106,Gardu Induk Atambua,0.39825
6,BELU,ATAMBUA BARAT,BERDAO,trade,1250,,,False,,3246.8,,,0.35008
7,BELU,ATAMBUA BARAT,TULAMALAE,government,1164,-9.097269963307276,124.8876530367458,True,4225.1,4225.1,2.691,Gardu Induk Atambua,0.326
8,BELU,ATAMBUA BARAT,UMANEN,rice,2301,-9.090877615745365,124.8692508441395,True,4018.9,4018.9,0.565,Gardu Induk Atambua,0.64443
9,BELU,ATAMBUA SELATAN,FATUKBOT,horticulture,2218,-9.131846840803224,124.8933963504213,True,4336.8,4336.8,5.893,Gardu Induk Atambua,0.62119
10,BELU,ATAMBUA SELATAN,LIDAK,trade,1288,-9.12169363439536,124.8812416309854,True,4252.7,4252.7,4.245,Gardu Induk Atambua,0.36072
11,BELU,ATAMBUA SELATAN,MANUAMAN,trade,2143,-9.112204974767929,124.8760526563727,True,4221.4,4221.4,3.034,Gardu Induk Atambua,0.60018
12,BELU,ATAMBUA SELATAN,RINBESI,trade,922,-9.11347790257048,124.8918834159944,True,4244.1,4244.1,4.148,Gardu Induk Atambua,0.25822
13,BELU,KAKULUK MESAK,DUALAUS,fishing,1158,-9.020482536688355,124.8358096296354,True,1928.7,1928.7,2.489,Gardu Induk Atapupu,0.24292
14,BELU,KAKULUK MESAK,FATUKETY,rice,667,,,False,,3246.8,,,0.1868
15,BELU,KAKULUK MESAK,JENILU,fishing,688,-9.008593687316871,124.8737648302888,True,1702.9,1702.9,6.181,Gardu Induk Atapupu,0.15904
16,BELU,KAKULUK MESAK,KABUNA,rice,1593,-9.049623698686425,124.8964877996104,True,3233.0,3233.0,5.461,Gardu Induk Atambua,0.44614
17,BELU,KAKULUK MESAK,KENEBIBI,fishing,935,-8.992609713891497,124.8975835345267,True,1477.2,1477.2,8.973,Gardu Induk Atapupu,0.20312
18,BELU,KAKULUK MESAK,LEOSAMA,rice,421,-9.049086029627352,124.86093470528,True,3216.2,3216.2,4.342,Gardu Induk Atambua,0.11791
19,BELU,LAMAKNEN,DIRUN,rice,659,-9.108012693263726,125.0891196097135,True,2709.0,2709.0,24.982,Gardu Induk Atambua,0.18456
20,BELU,LAMAKNEN,DUARATO,rice,144,-9.115069711649108,125.1521399483562,True,2439.5,2439.5,32.042,Gardu Induk Atambua,0.04033
21,BELU,LAMAKNEN,FULUR,rice,540,-9.08818808108067,125.141206463893,True,3056.9,3056.9,30.672,Gardu Induk Atambua,0.15124
22,BELU,LAMAKNEN,KEWAR,rice,384,-9.089568369219522,125.1623294881406,True,2293.5,2293.5,33.024,Gardu Induk Atambua,0.10755
23,BELU,LAMAKNEN,LAMAK SENULU,rice,371,,,False,,3246.8,,,0.1039
24,BELU,LAMAKNEN,LEOWALU,rice,218,-9.106662883921786,125.1358878001917,True,2965.9,2965.9,30.158,Gardu Induk Atambua,0.06105
25,BELU,LAMAKNEN,MAHUITAS,rice,159,-9.071430339940491,125.1699292089707,True,2152.9,2152.9,33.916,Gardu Induk Atambua,0.04453
26,BELU,LAMAKNEN,MAKIR,rice,445,-9.043211644567872,125.1682963405756,True,2270.9,2270.9,34.052,Gardu Induk Atambua,0.12463
27,BELU,LAMAKNEN,MAUDEMU,rice,407,-9.12996396148219,125.0476896695519,True,2207.6,2207.6,20.824,Gardu Induk Atambua,0.11399
28,BELU,LAMAKNEN SELATAN,DEBULULIK,rice,302,-9.14912055578032,125.068148878096,True,1922.9,1922.9,23.591,Gardu Induk Atambua,0.08458
29,BELU,LAMAKNEN SELATAN,EKIN,rice,215,-9.116100533010556,125.1144659010554,True,3066.7,3066.7,27.884,Gardu Induk Atambua,0.06021
30,BELU,LAMAKNEN SELATAN,HENES,rice,165,-9.15244989643432,125.1762748453092,True,945.2,945.2,35.346,Gardu Induk Atambua,0.04621
31,BELU,LAMAKNEN SELATAN,LAKMARAS,rice,336,-9.15025956444454,125.1564760273714,True,1604.7,1604.7,33.14,Gardu Induk Atambua,0.0941
32,BELU,LAMAKNEN SELATAN,LOONUNA,rice,504,-9.155281874689452,125.1223747967733,True,2164.0,2164.0,29.585,Gardu Induk Atambua,0.14115
33,BELU,LAMAKNEN SELATAN,LUTHA RATO,rice,298,-9.16861788217358,125.096356804942,True,1596.3,1596.3,27.266,Gardu Induk Atambua,0.08346
34,BELU,LAMAKNEN SELATAN,NUALAIN,rice,240,-9.126336781229496,125.1413713000971,True,2683.9,2683.9,31.003,Gardu Induk Atambua,0.06722
35,BELU,LAMAKNEN SELATAN,SISI FATUBERAL,rice,246,-9.153262837732845,125.0825749660869,True,2033.5,2033.5,25.263,Gardu Induk Atambua,0.0689
36,BELU,LASIOLAT,BAUDAOK,rice,144,-9.043962969785383,125.0609531103099,True,2413.6,2413.6,22.28,Gardu Induk Atambua,0.04033
37,BELU,LASIOLAT,DUALASI,rice,252,-9.067194083406092,125.0724118353735,True,3026.7,3026.7,23.125,Gardu Induk Atambua,0.07058
38,BELU,LASIOLAT,FATULOTU,rice,515,-9.064767361650956,125.0418266592423,True,2499.0,2499.0,19.773,Gardu Induk Atambua,0.14423
39,BELU,LASIOLAT,LAKANMAU,rice,231,,,False,,3246.8,,,0.0647
40,BELU,LASIOLAT,LASIOLAT,rice,207,-9.090890819321594,125.0244874487279,True,3002.4,3002.4,17.683,Gardu Induk Atambua,0.05797
41,BELU,LASIOLAT,MANEIKUN,rice,224,-9.064819026824496,125.0177054352475,True,2381.3,2381.3,17.112,Gardu Induk Atambua,0.06273
42,BELU,LASIOLAT,RAIULUN,rice,252,,,False,,3246.8,,,0.07058
43,BELU,NANAET DUABESI,DUBESI,rice,443,-9.308277287878468,124.9522208890798,True,3061.6,3061.6,26.715,Gardu Induk Atambua,0.12407
44,BELU,NANAET DUABESI,FOHOEKA,rice,347,-9.264028413728203,124.9762922186827,True,2052.4,2052.4,23.424,Gardu Induk Atambua,0.09718
45,BELU,NANAET DUABESI,NANAENOE,rice,263,-9.301376897491188,124.9891840978211,True,2037.3,2037.3,27.78,Gardu Induk Atambua,0.07366
46,BELU,NANAET DUABESI,NANAET,rice,355,-9.26458153511547,124.9525094001315,True,2984.3,2984.3,22.203,Gardu Induk Atambua,0.09942
47,BELU,RAI MANUK,DUAKORAN,horticulture,367,,,False,,3246.8,,,0.10278
48,BELU,RAI MANUK,FATURIKA,horticulture,356,-9.338818641875918,124.9567042844563,True,3200.2,3200.2,30.118,Gardu Induk Atambua,0.0997
49,BELU,RAI MANUK,LEUNTOLU,rice,649,-9.319416751655554,124.8503997471428,True,4479.8,4479.8,26.229,Gardu Induk Atambua,0.18176
50,BELU,RAI MANUK,MANDEU,rice,762,-9.30568838798459,124.8733514768248,True,4357.0,4357.0,24.64,Gardu Induk Atambua,0.21341
51,BELU,RAI MANUK,MANDEU RAIMANUS,rice,478,-9.350889883446746,124.9151044228672,True,3580.9,3580.9,30.23,Gardu Induk Atambua,0.13387
52,BELU,RAI MANUK,RAFAE,rice,520,-9.334395772899244,124.8709633244761,True,4119.3,4119.3,27.87,Gardu Induk Atambua,0.14563
53,BELU,RAI MANUK,RENRUA,rice,446,-9.371868740873769,124.9574932138848,True,3549.5,3549.5,33.68,Gardu Induk Atambua,0.12491
54,BELU,RAI MANUK,TASAIN,horticulture,410,-9.359571714403016,124.8489133501756,True,4402.1,4402.1,30.761,Gardu Induk Atambua,0.11483
55,BELU,RAI MANUK,TEUN,rice,670,-9.365681866048488,124.8814469787683,True,3940.6,3940.6,31.442,Gardu Induk Atambua,0.18764
56,BELU,RAIHAT,AITOUN,rice,518,-9.05524897029047,125.1411687077674,True,3352.1,3352.1,30.88,Gardu Induk Atambua,0.14507
57,BELU,RAIHAT,ASUMANU,rice,562,-9.034102938240192,125.0878493467668,True,2720.1,2720.1,25.449,Gardu Induk Atambua,0.1574
58,BELU,RAIHAT,MAUMUTIN,rice,804,-9.007708192727506,125.1308398209848,True,2800.6,2800.6,30.851,Gardu Induk Atambua,0.22517
59,BELU,RAIHAT,RAIFATUS,rice,254,-9.053986676477855,125.1235176187817,True,3412.7,3412.7,28.947,Gardu Induk Atambua,0.07114
60,BELU,RAIHAT,TOHE,rice,1372,-9.009831122886585,125.1104180312812,True,2653.1,2653.1,28.61,Gardu Induk Atambua,0.38425
61,BELU,RAIHAT,TOHE LETEN,rice,181,-9.072190360752652,125.1059957851396,True,3251.6,3251.6,26.806,Gardu Induk Atambua,0.05069
62,BELU,TASIFETO BARAT,BAKUSTULAMA,rice,930,-9.241533446379584,124.8851403420126,True,4220.9,4220.9,17.524,Gardu Induk Atambua,0.26046
63,BELU,TASIFETO BARAT,DEROK FATURENE,rice,367,,,False,,3246.8,,,0.10278
64,BELU,TASIFETO BARAT,LAWALUTOLUS,rice,343,-9.28690429646604,124.9120381825492,True,3832.1,3832.1,23.091,Gardu Induk Atambua,0.09606
65,BELU,TASIFETO BARAT,LOOKEU,rice,168,-9.210630402374424,124.9612715894952,True,2754.7,2754.7,17.509,Gardu Induk Atambua,0.04705
66,BELU,TASIFETO BARAT,NAEKASA,rice,1452,-9.184060500494052,124.8740070460746,True,4337.4,4337.4,10.947,Gardu Induk Atambua,0.40666
67,BELU,TASIFETO BARAT,NAITIMU,rice,1172,-9.273351984761373,124.8898283408177,True,4109.4,4109.4,21.149,Gardu Induk Atambua,0.32824
68,BELU,TASIFETO BARAT,RINBESIHAT,rice,591,-9.284469535652176,124.8619058095663,True,4150.7,4150.7,22.236,Gardu Induk Atambua,0.16552
69,BELU,TASIFETO BARAT,TUKUNENO,rice,1118,-9.152859066296855,124.8433740528104,True,3924.2,3924.2,7.795,Gardu Induk Atambua,0.31311
70,BELU,TASIFETO TIMUR,BAUHO,rice,205,-9.091057531205768,124.9886007219215,True,3414.7,3414.7,13.69,Gardu Induk Atambua,0.05741
71,BELU,TASIFETO TIMUR,DAFALA,rice,482,-9.168637765699437,124.9703213214636,True,3794.7,3794.7,14.824,Gardu Induk Atambua,0.13499
72,BELU,TASIFETO TIMUR,FATUBA A,rice,418,,,False,,3246.8,,,0.11707
73,BELU,TASIFETO TIMUR,HALIMODOK,rice,320,-9.123361089139545,125.0124515829522,True,3353.9,3353.9,16.836,Gardu Induk Atambua,0.08962
74,BELU,TASIFETO TIMUR,MANLETEN,rice,2309,-9.127366029349592,124.9490754397423,True,4326.7,4326.7,10.323,Gardu Induk Atambua,0.64667
75,BELU,TASIFETO TIMUR,S A D I,rice,496,,,False,,3246.8,,,0.13891
76,BELU,TASIFETO TIMUR,SARABAU,rice,223,-9.075907642578304,124.9908971649122,True,2797.9,2797.9,13.998,Gardu Induk Atambua,0.06245
77,BELU,TASIFETO TIMUR,SILAWAN,rice,1022,-8.986734313331151,124.9283676899621,True,1215.1,1215.1,12.463,Gardu Induk Atapupu,0.28623
78,BELU,TASIFETO TIMUR,TAKIRIN,horticulture,324,-9.15889272550711,125.0128396446905,True,2557.7,2557.7,18.261,Gardu Induk Atambua,0.09074
79,BELU,TASIFETO TIMUR,TIALAI,horticulture,215,-9.17481515629172,124.9090114223354,True,4364.6,4364.6,10.981,Gardu Induk Atambua,0.06021
80,BELU,TASIFETO TIMUR,TULAKADI,plantation,350,-9.03075605245612,124.9213381177877,True,2314.3,2314.3,8.891,Gardu Induk Atambua,0.09802
81,BELU,TASIFETO TIMUR,UMAKLARAN,rice,543,-9.09095832415644,124.9436558371755,True,4032.7,4032.7,8.69,Gardu Induk Atambua,0.15208
82,KUPANG,ALAK,ALAK,trade,2167,,,False,,3246.8,,,0.6069
83,KUPANG,ALAK,BATUPLAT,trade,1190,,,False,,3246.8,,,0.33328
84,KUPANG,ALAK,FATUFETO,trade,1568,,,False,,3246.8,,,0.43914
85,KUPANG,ALAK,MANTASI,trade,240,,,False,,3246.8,,,0.06722
86,KUPANG,ALAK,MANULAI II,trade,1519,,,False,,3246.8,,,0.42542
87,KUPANG,ALAK,MANUTAPEN,trade,1389,,,False,,3246.8,,,0.38901
88,KUPANG,ALAK,NAIONI,rice,642,,,False,,3246.8,,,0.1798
89,KUPANG,ALAK,NAMOSAIN,trade,3060,,,False,,3246.8,,,0.857
90,KUPANG,ALAK,NUNBAUN DELHA,trade,981,,,False,,3246.8,,,0.27474
91,KUPANG,ALAK,NUNBAUN SABU,trade,929,,,False,,3246.8,,,0.26018
92,KUPANG,ALAK,NUNHILA,trade,783,,,False,,3246.8,,,0.21929
93,KUPANG,ALAK,PENKASE-OELETA,trade,3500,,,False,,3246.8,,,0.98023
94,KUPANG,AMABI OEFETO,FATUKNUTU,rice,514,,,False,,3246.8,,,0.14395
95,KUPANG,AMABI OEFETO,FATUTETA,rice,172,-10.13472199975404,123.8554211998816,True,4648.2,4648.2,4.042,Gardu Induk Naibonat,0.04817
96,KUPANG,AMABI OEFETO,KAIRANE,rice,176,-10.15597896768101,123.9484721185155,True,4340.1,4340.1,9.4,Gardu Induk Naibonat,0.04929
97,KUPANG,AMABI OEFETO,KUANHEUM,rice,328,-10.17367464530846,123.867483017995,True,4555.8,4555.8,7.548,Gardu Induk Naibonat,0.09186
98,KUPANG,AMABI OEFETO,NIUNBAUN,horticulture,170,-10.15388334084138,123.9886467125371,True,4078.0,4078.0,13.21,Gardu Induk Naibonat,0.04761
99,KUPANG,AMABI OEFETO,OEFETO,rice,181,-10.14074432479049,123.8814644871817,True,4636.4,4636.4,3.71,Gardu Induk Naibonat,0.05069
100,KUPANG,AMABI OEFETO,RAKNAMO,rice,730,-10.1191446356831,123.9657428023801,True,4239.9,4239.9,9.68,Gardu Induk Naibonat,0.20445
101,KUPANG,AMABI OEFETO TIMUR,ENOLANAN,rice,390,-10.06613039027998,124.1483503810528,True,3639.6,3639.6,30.297,Gardu Induk Naibonat,0.10923
102,KUPANG,AMABI OEFETO TIMUR,MUKE,rice,476,-10.1170460448897,124.0949902243565,True,3763.3,3763.3,24.007,Gardu Induk Naibonat,0.13331
103,KUPANG,AMABI OEFETO TIMUR,NUNMAFO,rice,579,-10.09227824930569,124.0975713609835,True,4189.3,4189.3,24.338,Gardu Induk Naibonat,0.16216
104,KUPANG,AMABI OEFETO TIMUR,OEMOFA,rice,680,-10.08455301421634,124.1171564590802,True,4165.5,4165.5,26.585,Gardu Induk Naibonat,0.19044
105,KUPANG,AMABI OEFETO TIMUR,OEMOLO,rice,390,-10.09043232308637,124.1705349274475,True,3758.3,3758.3,32.456,Gardu Induk Naibonat,0.10923
106,KUPANG,AMABI OEFETO TIMUR,OENAUNU,rice,255,-10.04626955294411,124.1313880574038,True,3572.5,3572.5,28.893,Gardu Induk Naibonat,0.07142
107,KUPANG,AMABI OEFETO TIMUR,OENIKO,rice,260,-10.13798130165265,124.0169890168319,True,3792.7,3792.7,15.674,Gardu Induk Naibonat,0.07282
108,KUPANG,AMABI OEFETO TIMUR,OENUNUTONO,horticulture,370,,,False,,3246.8,,,0.10362
109,KUPANG,AMABI OEFETO TIMUR,PATHAU,rice,430,-10.15262610827164,124.04696314465,True,3766.6,3766.6,19.311,Gardu Induk Naibonat,0.12043
110,KUPANG,AMABI OEFETO TIMUR,SEKI,rice,298,-10.05398130568263,124.0902303162224,True,4266.9,4266.9,24.237,Gardu Induk Naibonat,0.08346
111,KUPANG,AMARASI,APREN,plantation,517,-10.23810173968751,123.9447254216313,True,3178.0,3178.0,16.408,Gardu Induk Naibonat,0.14479
112,KUPANG,AMARASI,KOTABES,livestock,573,-10.24613859580244,123.8377435262301,True,3047.5,3047.5,16.302,Gardu Induk Naibonat,0.16048
113,KUPANG,AMARASI,NONBES,rice,823,-10.19516882006144,123.8311306498693,True,4188.4,4188.4,11.235,Gardu Induk Naibonat,0.23049
114,KUPANG,AMARASI,OENONI,horticulture,412,-10.21106468122563,123.928741775739,True,3945.3,3945.3,12.88,Gardu Induk Naibonat,0.11539
115,KUPANG,AMARASI,OENONI II,horticulture,415,-10.19450245679481,123.9559348974979,True,4130.7,4130.7,12.964,Gardu Induk Naibonat,0.11623
116,KUPANG,AMARASI,OESENA,rice,425,-10.21511568469039,123.8063141423751,True,3813.4,3813.4,14.601,Gardu Induk Naibonat,0.11903
117,KUPANG,AMARASI,PONAIN,horticulture,624,-10.21270934606261,123.8590776999478,True,4100.6,4100.6,12.06,Gardu Induk Naibonat,0.17476
118,KUPANG,AMARASI,TESBATAN,rice,444,-10.21190468170315,123.8819054168172,True,4134.9,4134.9,11.755,Gardu Induk Naibonat,0.12435
119,KUPANG,AMARASI,TESBATAN II,rice,374,-10.2122889243398,123.9007935678025,True,4134.5,4134.5,12.031,Gardu Induk Naibonat,0.10474
120,KUPANG,AMARASI BARAT,ERBAUN,livestock,450,-10.32657821259509,123.7559554104337,True,3019.5,3019.5,20.657,Gardu Induk Maulafa,0.12603
121,KUPANG,AMARASI BARAT,MERBAUN,plantation,621,-10.34101968795551,123.7122875180651,True,2903.9,2903.9,18.423,Gardu Induk Maulafa,0.17392
122,KUPANG,AMARASI BARAT,NEKBAUN,plantation,465,-10.3255635051305,123.6862253868342,True,3310.5,3310.5,15.321,Gardu Induk Maulafa,0.13023
123,KUPANG,AMARASI BARAT,NIUKBAUN,rice,435,-10.29290346755248,123.6864299389411,True,3306.6,3306.6,12.392,Gardu Induk Maulafa,0.12183
124,KUPANG,AMARASI BARAT,SOBA,livestock,455,-10.27053394353247,123.7233048371844,True,3288.6,3288.6,14.091,Gardu Induk Maulafa,0.12743
125,KUPANG,AMARASI BARAT,TEUNBAUN,rice,634,-10.30089967938595,123.7272523027124,True,3478.8,3478.8,16.347,Gardu Induk Maulafa,0.17756
126,KUPANG,AMARASI BARAT,TOOBAUN,livestock,486,-10.28210283912845,123.771152998274,True,3142.1,3142.1,19.452,Gardu Induk Maulafa,0.13611
127,KUPANG,AMARASI BARAT,TUNBAUN,livestock,839,-10.25199667353974,123.7794895347488,True,3385.2,3385.2,19.223,Gardu Induk Maulafa,0.23498
128,KUPANG,AMARASI SELATAN,BURAEN,livestock,725,-10.28434521924404,123.906770707501,True,1931.5,1931.5,20.176,Gardu Induk Naibonat,0.20305
129,KUPANG,AMARASI SELATAN,NEKMESE,livestock,631,-10.25093634097198,123.8930962433243,True,2777.2,2777.2,16.238,Gardu Induk Naibonat,0.17672
130,KUPANG,AMARASI SELATAN,RETRAEN,livestock,506,-10.3177258655116,123.8410103800724,True,2451.9,2451.9,24.108,Gardu Induk Naibonat,0.14171
131,KUPANG,AMARASI SELATAN,SAHRAEN,livestock,586,-10.32909060541795,123.8010162088357,True,2549.1,2549.1,24.908,Gardu Induk Maulafa,0.16412
132,KUPANG,AMARASI SELATAN,SONRAEN,livestock,478,-10.27903620622966,123.829515262588,True,2659.6,2659.6,20.131,Gardu Induk Naibonat,0.13387
133,KUPANG,AMARASI TIMUR,ENORAEN,livestock,398,-10.14069254718038,124.1526041108065,True,2316.5,2316.5,30.623,Gardu Induk Naibonat,0.11147
134,KUPANG,AMARASI TIMUR,OEBESI,rice,622,-10.19544759754867,124.000595179835,True,3995.8,3995.8,16.717,Gardu Induk Naibonat,0.1742
135,KUPANG,AMARASI TIMUR,PAKUBAUN,horticulture,923,-10.22890546919172,124.026439046603,True,2703.4,2703.4,21.318,Gardu Induk Naibonat,0.2585
136,KUPANG,AMARASI TIMUR,RABEKA,horticulture,450,-10.18139059444339,124.0535153043256,True,3566.2,3566.2,21.072,Gardu Induk Naibonat,0.12603
137,KUPANG,AMFOANG BARAT DAYA,BIOBA BARUTAEN,rice,199,,,False,,3246.8,,,0.05573
138,KUPANG,AMFOANG BARAT DAYA,LETKOLE,rice,192,-9.677046119530129,123.7946963081708,True,1851.3,1851.3,49.604,Gardu Induk Naibonat,0.05377
139,KUPANG,AMFOANG BARAT DAYA,MANUBELON,rice,669,-9.6871051954843,123.7196057833776,True,2072.1,2072.1,50.783,Gardu Induk Naibonat,0.18736
140,KUPANG,AMFOANG BARAT DAYA,NEFONEUT,rice,129,-9.73789214945535,123.7818428603139,True,1351.9,1351.9,43.215,Gardu Induk Naibonat,0.03613
141,KUPANG,AMFOANG BARAT LAUT,FAUMES,rice,288,-9.631378864905631,123.8450773010944,True,623.0,623.0,53.608,Gardu Induk Nonohonis,0.08066
142,KUPANG,AMFOANG BARAT LAUT,HONUK,rice,395,-9.588132990771502,123.8820239526761,True,678.2,678.2,52.092,Gardu Induk Nonohonis,0.11063
143,KUPANG,AMFOANG BARAT LAUT,OELFATU,rice,512,-9.575012057914066,123.7720183800842,True,2204.7,2204.7,61.395,Gardu Induk Naibonat,0.14339
144,KUPANG,AMFOANG BARAT LAUT,SAUKIBE,rice,384,-9.62010711249906,123.7802252555251,True,3031.6,3031.6,56.223,Gardu Induk Naibonat,0.10755
145,KUPANG,AMFOANG BARAT LAUT,SOLIU,rice,391,-9.612827964625286,123.7379989073645,True,1925.0,1925.0,58.124,Gardu Induk Naibonat,0.10951
146,KUPANG,AMFOANG BARAT LAUT,TIMAU,rice,344,-9.594161579640172,123.7892461221388,True,2711.6,2711.6,58.919,Gardu Induk Naibonat,0.09634
147,KUPANG,AMFOANG SELATAN,FATUMETAN,rice,150,-9.752769603572949,123.905057372066,True,2920.2,2920.2,40.245,Gardu Induk Naibonat,0.04201
148,KUPANG,AMFOANG SELATAN,FATUSUKI,rice,143,-9.782832799980328,123.8510369215714,True,1378.3,1378.3,36.885,Gardu Induk Naibonat,0.04005
149,KUPANG,AMFOANG SELATAN,LELOBOKO,rice,283,-9.67221559906568,123.9222618732908,True,1714.2,1714.2,43.906,Gardu Induk Nonohonis,0.07926
150,KUPANG,AMFOANG SELATAN,LELOGAMA,rice,544,-9.70285377070369,123.9562681466401,True,3004.7,3004.7,39.145,Gardu Induk Nonohonis,0.15236
151,KUPANG,AMFOANG SELATAN,OELBANU,rice,325,-9.700784796579656,123.8589828967674,True,1598.2,1598.2,46.073,Gardu Induk Naibonat,0.09102
152,KUPANG,AMFOANG SELATAN,OHAEM I,rice,486,,,False,,3246.8,,,0.13611
153,KUPANG,AMFOANG SELATAN,OHAEM II,rice,203,,,False,,3246.8,,,0.05685
154,KUPANG,AMFOANG TENGAH,BINAFUN,rice,331,-9.67170445235194,124.0576313138876,True,3299.9,3299.9,30.475,Gardu Induk Nonohonis,0.0927
155,KUPANG,AMFOANG TENGAH,BITOBE,rice,405,-9.58122354664954,123.9977420387837,True,2648.4,2648.4,41.896,Gardu Induk Nonohonis,0.11343
156,KUPANG,AMFOANG TENGAH,BONMUTI,rice,259,-9.554970283031968,124.0823224036268,True,1868.1,1868.1,37.436,Gardu Induk Nonohonis,0.07254
157,KUPANG,AMFOANG TENGAH,FATUMONAS,rice,517,-9.69447901393796,124.0215593969569,True,3133.7,3133.7,32.76,Gardu Induk Nonohonis,0.14479
158,KUPANG,AMFOANG TIMUR,KIFU,rice,270,-9.434475804950472,124.017128322366,True,2838.7,2838.7,52.696,Gardu Induk Nonohonis,0.07562
159,KUPANG,AMFOANG TIMUR,NETEMNANU,rice,234,-9.462597433896882,124.125556823736,True,2143.0,2143.0,41.746,Gardu Induk Kefamenanu,0.06554
160,KUPANG,AMFOANG TIMUR,NETEMNANU SELATAN,rice,570,-9.374393512548483,124.0220079515875,True,3277.0,3277.0,55.474,Gardu Induk Kefamenanu,0.15964
161,KUPANG,AMFOANG TIMUR,NETEMNANU UTARA,rice,536,-9.404895637067971,124.0607629667404,True,2633.3,2633.3,50.315,Gardu Induk Kefamenanu,0.15012
162,KUPANG,AMFOANG TIMUR,NUNUANAH,rice,378,-9.47067784781556,123.9751337027074,True,2719.7,2719.7,52.39,Gardu Induk Nonohonis,0.10586
163,KUPANG,AMFOANG UTARA,AFOAN,rice,321,-9.536050186801138,123.8110935822352,True,778.4,778.4,61.876,Gardu Induk Nonohonis,0.0899
164,KUPANG,AMFOANG UTARA,BAKUIN,rice,286,-9.49771601943064,123.9298136222282,True,2621.6,2621.6,53.782,Gardu Induk Nonohonis,0.0801
165,KUPANG,AMFOANG UTARA,FATUNAUS,rice,324,-9.509232861031846,123.8690538259928,True,2754.1,2754.1,58.189,Gardu Induk Nonohonis,0.09074
166,KUPANG,AMFOANG UTARA,KOLABE,rice,315,-9.494341921389,123.8930659725356,True,2743.6,2743.6,57.125,Gardu Induk Nonohonis,0.08822
167,KUPANG,AMFOANG UTARA,LILMUS,rice,189,-9.465955818979063,123.912351930363,True,2363.8,2363.8,57.643,Gardu Induk Nonohonis,0.05293
168,KUPANG,AMFOANG UTARA,NAIKLIU,rice,347,-9.525303341147607,123.8541104418754,True,2207.6,2207.6,58.491,Gardu Induk Nonohonis,0.09718
169,KUPANG,FATULEU,CAMPLONG I,trade,1125,-10.04719659764069,123.8996454133161,True,4357.1,4357.1,7.229,Gardu Induk Naibonat,0.31507
170,KUPANG,FATULEU,CAMPLONG II,rice,830,-10.01595762272196,123.9145103193098,True,4045.7,4045.7,11.11,Gardu Induk Naibonat,0.23245
171,KUPANG,FATULEU,EKATETA,rice,732,-9.98134525275116,123.9560177692122,True,3955.2,3955.2,16.658,Gardu Induk Naibonat,0.20501
172,KUPANG,FATULEU,KIUONI,horticulture,312,-9.928189013072783,123.9477363441457,True,3247.0,3247.0,21.697,Gardu Induk Naibonat,0.08738
173,KUPANG,FATULEU,KUIMASI,rice,593,-10.06674416598847,123.8886423599732,True,4585.3,4585.3,4.773,Gardu Induk Naibonat,0.16608
174,KUPANG,FATULEU,NAUNU,rice,588,,,False,,3246.8,,,0.16468
175,KUPANG,FATULEU,OEBOLA,rice,489,-10.07960092496921,124.0013396140088,True,3993.5,3993.5,13.935,Gardu Induk Naibonat,0.13695
176,KUPANG,FATULEU,OEBOLA DALAM,rice,315,-10.0664021922583,123.9508135129777,True,4349.7,4349.7,9.224,Gardu Induk Naibonat,0.08822
177,KUPANG,FATULEU,SILLU,plantation,1035,-10.03837326348155,124.0456644083933,True,4128.8,4128.8,20.1,Gardu Induk Naibonat,0.28987
178,KUPANG,FATULEU,TOLNAKU,rice,394,-9.992498432881789,123.8891689414422,True,3460.7,3460.7,13.101,Gardu Induk Naibonat,0.11035
179,KUPANG,FATULEU BARAT,KALALI,rice,338,-9.933099086147738,123.6722717139275,True,3836.2,3836.2,30.383,Gardu Induk Naibonat,0.09466
180,KUPANG,FATULEU BARAT,NAITAE,rice,432,-9.85147565635872,123.7298011376228,True,2361.4,2361.4,33.443,Gardu Induk Naibonat,0.12099
181,KUPANG,FATULEU BARAT,NUATAUS,rice,407,-9.823973784917282,123.7769439238018,True,2071.2,2071.2,34.072,Gardu Induk Naibonat,0.11399
182,KUPANG,FATULEU BARAT,POTO,rice,718,-9.895241771981771,123.7381182239397,True,1414.3,1414.3,28.742,Gardu Induk Naibonat,0.20109
183,KUPANG,FATULEU BARAT,TUAKAU,rice,517,-9.771691907127115,123.7084349530312,True,2502.4,2502.4,42.512,Gardu Induk Naibonat,0.14479
184,KUPANG,FATULEU TENGAH,NONBAUN,rice,292,-9.898442835568252,123.891052408338,True,2342.5,2342.5,23.721,Gardu Induk Naibonat,0.08178
185,KUPANG,FATULEU TENGAH,NUNSAEN,rice,632,-9.959738348362604,123.8764293313547,True,2244.6,2244.6,16.763,Gardu Induk Naibonat,0.177
186,KUPANG,FATULEU TENGAH,OELBITENO,rice,362,-9.934669254430622,123.7953149773817,True,173.7,173.7,21.72,Gardu Induk Naibonat,0.10138
187,KUPANG,FATULEU TENGAH,PASSI,rice,223,-9.90898735044635,123.8491016443742,True,1022.1,1022.1,22.749,Gardu Induk Naibonat,0.06245
188,KUPANG,KELAPA LIMA,KELAPA LIMA,trade,3480,,,False,,3246.8,,,0.97463
189,KUPANG,KELAPA LIMA,LASIANA,trade,3208,,,False,,3246.8,,,0.89845
190,KUPANG,KELAPA LIMA,OESAPA,trade,10220,,,False,,3246.8,,,2.86227
191,KUPANG,KELAPA LIMA,OESAPA BARAT,trade,1911,,,False,,3246.8,,,0.53521
192,KUPANG,KELAPA LIMA,OESAPA SELATAN,government,589,,,False,,3246.8,,,0.16496
193,KUPANG,KOTA LAMA,AIR MATA,trade,455,,,False,,3246.8,,,0.12743
194,KUPANG,KOTA LAMA,BONIPOI,trade,340,,,False,,3246.8,,,0.09522
195,KUPANG,KOTA LAMA,FATUBESI,trade,1021,,,False,,3246.8,,,0.28595
196,KUPANG,KOTA LAMA,LAHILAI BISSI KOPAN,trade,200,,,False,,3246.8,,,0.05601
197,KUPANG,KOTA LAMA,MERDEKA,trade,269,-10.08206116682106,123.7775078558766,True,2339.8,2339.8,11.729,Gardu Induk Naibonat,0.07534
198,KUPANG,KOTA LAMA,NEFONAEK,trade,662,,,False,,3246.8,,,0.1854
199,KUPANG,KOTA LAMA,OEBA,trade,1121,,,False,,3246.8,,,0.31395
200,KUPANG,KOTA LAMA,PASIR PANJANG,trade,1366,,,False,,3246.8,,,0.38257
201,KUPANG,KOTA LAMA,SOLOR,trade,627,,,False,,3246.8,,,0.1756
202,KUPANG,KOTA LAMA,TODEKISAR,government,229,,,False,,3246.8,,,0.06414
203,KUPANG,KOTA RAJA,AIR NONA,trade,1441,,,False,,3246.8,,,0.40357
204,KUPANG,KOTA RAJA,BAKUNASE,horticulture,1154,,,False,,3246.8,,,0.3232
205,KUPANG,KOTA RAJA,BAKUNASE II,trade,1371,,,False,,3246.8,,,0.38397
206,KUPANG,KOTA RAJA,FONTEIN,trade,975,,,False,,3246.8,,,0.27306
207,KUPANG,KOTA RAJA,KUANINO,government,1193,,,False,,3246.8,,,0.33412
208,KUPANG,KOTA RAJA,NAIKOTEN I,trade,1658,,,False,,3246.8,,,0.46435
209,KUPANG,KOTA RAJA,NAIKOTEN II,government,472,,,False,,3246.8,,,0.13219
210,KUPANG,KOTA RAJA,NUNLEU,trade,1021,,,False,,3246.8,,,0.28595
211,KUPANG,KUPANG BARAT,BATAKTE,horticulture,356,-10.25756223791798,123.5549734576429,True,4462.0,4462.0,7.439,Gardu Induk Bolok,0.0997
212,KUPANG,KUPANG BARAT,BOLOK,trade,720,-10.23430778630714,123.5132267987904,True,2812.5,2812.5,2.516,Gardu Induk Bolok,0.20165
213,KUPANG,KUPANG BARAT,KUANHEUM,rice,411,-10.17367464530846,123.867483017995,True,4555.8,4555.8,7.548,Gardu Induk Naibonat,0.11511
214,KUPANG,KUPANG BARAT,LIFULEO,rice,313,-10.33704008329197,123.4905556750941,True,2207.0,2207.0,11.153,Gardu Induk Bolok,0.08766
215,KUPANG,KUPANG BARAT,MANULAI I,trade,384,-10.23383839162601,123.5667745011958,True,4580.9,4580.9,5.472,Gardu Induk Tenau,0.10755
216,KUPANG,KUPANG BARAT,NITNEO,rice,344,-10.22526939723449,123.5315997488058,True,3649.9,3649.9,4.378,Gardu Induk Tenau,0.09634
217,KUPANG,KUPANG BARAT,OEMAT NUNU,horticulture,507,,,False,,3246.8,,,0.14199
218,KUPANG,KUPANG BARAT,OENAEK,rice,209,-10.28885647960539,123.5157473089659,True,3852.4,3852.4,6.331,Gardu Induk Bolok,0.05853
219,KUPANG,KUPANG BARAT,OENESU,horticulture,272,-10.27770810494749,123.5716602010425,True,4241.9,4241.9,8.7,Gardu Induk Maulafa,0.07618
220,KUPANG,KUPANG BARAT,SUMLILI,rice,514,-10.31107744687623,123.5458753698457,True,3614.7,3614.7,10.236,Gardu Induk Bolok,0.14395
221,KUPANG,KUPANG BARAT,TABLOLONG,fishing,329,-10.31626224432595,123.4851623941458,True,2537.7,2537.7,8.826,Gardu Induk Bolok,0.09497
222,KUPANG,KUPANG BARAT,TESABELA,fishing,290,-10.30431662235372,123.5071692921133,True,3462.7,3462.7,7.664,Gardu Induk Bolok,0.08801
223,KUPANG,KUPANG TENGAH,MATA AIR,trade,1312,-10.13310373239448,123.6937018351888,True,3144.3,3144.3,12.737,Gardu Induk Maulafa,0.36745
224,KUPANG,KUPANG TENGAH,NOELBAKI,rice,2328,-10.12769584050022,123.7131188753874,True,3330.1,3330.1,14.751,Gardu Induk Maulafa,0.65199
225,KUPANG,KUPANG TENGAH,OEBELO,rice,1202,-10.11242317947708,123.7514930160525,True,3315.0,3315.0,14.261,Gardu Induk Naibonat,0.33664
226,KUPANG,KUPANG TENGAH,OELNASI,rice,662,-10.16530848680534,123.7313316361229,True,4246.0,4246.0,14.309,Gardu Induk Maulafa,0.1854
227,KUPANG,KUPANG TENGAH,OELPUAH,rice,410,-10.15648686758159,123.7573664656656,True,4257.1,4257.1,14.663,Gardu Induk Naibonat,0.11483
228,KUPANG,KUPANG TENGAH,PENFUI TIMUR,trade,1210,-10.1634842596617,123.6909122852503,True,4338.0,4338.0,10.363,Gardu Induk Maulafa,0.33888
229,KUPANG,KUPANG TENGAH,TANAH MERAH,trade,1156,-10.11315831816019,123.7328864678388,True,2952.4,2952.4,16.334,Gardu Induk Naibonat,0.32376
230,KUPANG,KUPANG TENGAH,TARUS,trade,1457,-10.14233292242823,123.6869348020271,True,3397.2,3397.2,11.471,Gardu Induk Maulafa,0.40806
231,KUPANG,KUPANG TIMUR,BABAU,rice,1007,-10.08566351248552,123.7959215307992,True,3237.8,3237.8,9.643,Gardu Induk Naibonat,0.28203
232,KUPANG,KUPANG TIMUR,MANUSAK,rice,1038,-10.10094556358397,123.8829286417078,True,4675.0,4675.0,0.882,Gardu Induk Naibonat,0.29071
233,KUPANG,KUPANG TIMUR,MERDEKA,rice,710,-10.08206116682106,123.7775078558766,True,2339.8,2339.8,11.729,Gardu Induk Naibonat,0.19885
234,KUPANG,KUPANG TIMUR,NAIBONAT,rice,2183,-10.08846210948228,123.8454631039146,True,4691.6,4691.6,4.388,Gardu Induk Naibonat,0.61138
235,KUPANG,KUPANG TIMUR,NUNKURUS,rice,782,-10.0556452778186,123.8364061552588,True,3992.1,3992.1,7.62,Gardu Induk Naibonat,0.21901
236,KUPANG,KUPANG TIMUR,OEFAFI,rice,657,-10.15129625361104,123.787811742995,True,4406.3,4406.3,11.323,Gardu Induk Naibonat,0.184
237,KUPANG,KUPANG TIMUR,OELATIMO,rice,318,-10.01742997060835,123.8464105872053,True,3671.0,3671.0,10.882,Gardu Induk Naibonat,0.08906
238,KUPANG,KUPANG TIMUR,OESAO,livestock,1341,-10.14024693969046,123.8152125889271,True,4614.9,4614.9,8.035,Gardu Induk Naibonat,0.37557
239,KUPANG,KUPANG TIMUR,OESAO II,rice,307,,,False,,3246.8,,,0.08598
240,KUPANG,KUPANG TIMUR,PUKDALE,rice,648,-10.12120180915894,123.836873365423,True,4668.8,4668.8,4.977,Gardu Induk Naibonat,0.18148
241,KUPANG,KUPANG TIMUR,TANAH PUTIH,rice,337,-10.12840842250197,123.7663061991924,True,4324.2,4324.2,12.813,Gardu Induk Naibonat,0.09438
242,KUPANG,KUPANG TIMUR,TUAPUKAN,rice,725,-10.1096229341805,123.7734008243201,True,3678.3,3678.3,11.815,Gardu Induk Naibonat,0.20305
243,KUPANG,KUPANG TIMUR,TUATUKA,rice,547,-10.15896268650308,123.8389357235804,True,4547.2,4547.2,7.324,Gardu Induk Naibonat,0.1532
244,KUPANG,MAULAFA,BELLO,horticulture,2237,,,False,,3246.8,,,0.62651
245,KUPANG,MAULAFA,FATUKOA,horticulture,1506,,,False,,3246.8,,,0.42178
246,KUPANG,MAULAFA,KOLHUA,rice,2358,,,False,,3246.8,,,0.6604
247,KUPANG,MAULAFA,MAULAFA,trade,2866,,,False,,3246.8,,,0.80267
248,KUPANG,MAULAFA,NAIKOLAN,trade,1449,,,False,,3246.8,,,0.40582
249,KUPANG,MAULAFA,NAIMATA,trade,2052,,,False,,3246.8,,,0.5747
250,KUPANG,MAULAFA,OEPURA,trade,2194,,,False,,3246.8,,,0.61446
251,KUPANG,MAULAFA,PENFUI,government,2102,,,False,,3246.8,,,0.5887
252,KUPANG,MAULAFA,SIKUMANA,trade,4176,,,False,,3246.8,,,1.16956
253,KUPANG,NEKAMESE,BESMARAK,rice,263,,,False,,3246.8,,,0.07366
254,KUPANG,NEKAMESE,BONE,rice,322,-10.33151221206044,123.5880121848395,True,2926.0,2926.0,13.812,Gardu Induk Maulafa,0.09018
255,KUPANG,NEKAMESE,OBEN,horticulture,375,-10.2639975874403,123.6854868757562,True,3486.8,3486.8,10.12,Gardu Induk Maulafa,0.10502
256,KUPANG,NEKAMESE,OELOMIN,horticulture,436,-10.23089924847382,123.6344739020281,True,4563.0,4563.0,3.336,Gardu Induk Maulafa,0.12211
257,KUPANG,NEKAMESE,OEMASI,rice,258,-10.26745973505974,123.6479062717095,True,3749.7,3749.7,7.485,Gardu Induk Maulafa,0.07226
258,KUPANG,NEKAMESE,OENIF,rice,166,-10.30750591717954,123.6503173977123,True,3233.3,3233.3,11.66,Gardu Induk Maulafa,0.04649
259,KUPANG,NEKAMESE,OEPAHA,rice,146,-10.33737694109312,123.6487246822376,True,2737.5,2737.5,14.805,Gardu Induk Maulafa,0.04089
260,KUPANG,NEKAMESE,TALOETAN,livestock,213,-10.3044467591289,123.594461858887,True,3817.6,3817.6,10.669,Gardu Induk Maulafa,0.05965
261,KUPANG,NEKAMESE,TASIKONA,rice,147,-10.34934258781391,123.6196268149802,True,2246.4,2246.4,15.599,Gardu Induk Maulafa,0.04117
262,KUPANG,NEKAMESE,TUNFEU,horticulture,461,-10.23862260011677,123.6530088473548,True,4339.4,4339.4,5.513,Gardu Induk Maulafa,0.12911
263,KUPANG,NEKAMESE,USAPISONBAI,rice,222,,,False,,3246.8,,,0.06217
264,KUPANG,OEBOBO,FATULULI,trade,2992,,,False,,3246.8,,,0.83796
265,KUPANG,OEBOBO,KAYU PUTIH,trade,1133,,,False,,3246.8,,,0.31731
266,KUPANG,OEBOBO,LILIBA,government,3528,,,False,,3246.8,,,0.98807
267,KUPANG,OEBOBO,OEBOBO,trade,2867,,,False,,3246.8,,,0.80295
268,KUPANG,OEBOBO,OEBUFU,trade,4165,,,False,,3246.8,,,1.16647
269,KUPANG,OEBOBO,OETETE,government,1106,,,False,,3246.8,,,0.30975
270,KUPANG,OEBOBO,TUAK DAUN MERAH,trade,1746,,,False,,3246.8,,,0.489
271,KUPANG,SEMAU,BATUINAN,rice,107,-10.15089111600553,123.4006590596004,True,2470.1,2470.1,14.117,Gardu Induk Bolok,0.02997
272,KUPANG,SEMAU,BOKONUSAN,rice,330,-10.22748368571928,123.3796054644704,True,3170.2,3170.2,12.465,Gardu Induk Bolok,0.09242
273,KUPANG,SEMAU,HANSISI,rice,419,-10.17334680007152,123.4833102448254,True,1845.8,1845.8,7.311,Gardu Induk Tenau,0.11735
274,KUPANG,SEMAU,HUILELOT,rice,235,-10.20616334257553,123.4356125531253,True,2585.1,2585.1,7.169,Gardu Induk Bolok,0.06582
275,KUPANG,SEMAU,LETBAUN,rice,139,-10.14655046644527,123.4205683102965,True,3142.5,3142.5,13.022,Gardu Induk Bolok,0.03893
276,KUPANG,SEMAU,OTAN,rice,264,-10.17928758826456,123.3929859597742,True,2770.2,2770.2,12.803,Gardu Induk Bolok,0.07394
277,KUPANG,SEMAU,UIASA,rice,283,-10.15136716643855,123.4532256449554,True,3185.4,3185.4,10.712,Gardu Induk Bolok,0.07926
278,KUPANG,SEMAU,UITAO,rice,256,-10.18571703768007,123.4160179086501,True,3816.3,3816.3,10.262,Gardu Induk Bolok,0.0717
279,KUPANG,SEMAU SELATAN,AKLE,fishing,326,-10.31054245418232,123.3844826015886,True,2274.4,2274.4,14.393,Gardu Induk Bolok,0.09443
280,KUPANG,SEMAU SELATAN,NAIKEAN,horticulture,186,-10.308541784777,123.3298532681281,True,2352.2,2352.2,19.615,Gardu Induk Bolok,0.05209
281,KUPANG,SEMAU SELATAN,ONANSILA,rice,163,-10.25734606698883,123.3864994451068,True,3538.0,3538.0,11.83,Gardu Induk Bolok,0.04565
282,KUPANG,SEMAU SELATAN,UIBOA,horticulture,258,-10.25533537736204,123.3424190660017,True,3611.1,3611.1,16.652,Gardu Induk Bolok,0.07226
283,KUPANG,SEMAU SELATAN,UITIUH ANA,horticulture,476,-10.28068695792341,123.3890133793015,True,3328.4,3328.4,12.32,Gardu Induk Bolok,0.13331
284,KUPANG,SEMAU SELATAN,UITIUHTUAN,horticulture,210,,,False,,3246.8,,,0.05881
285,KUPANG,SULAMU,BIPOLO,rice,551,-9.995072609443394,123.8130112444474,True,2408.1,2408.1,14.758,Gardu Induk Naibonat,0.15432
286,KUPANG,SULAMU,OETETA,rice,745,-9.994292672515783,123.7708522843272,True,2702.3,2702.3,17.651,Gardu Induk Naibonat,0.20865
287,KUPANG,SULAMU,PANTAI BERINGIN,rice,192,-9.994069459523864,123.6827935382028,True,3041.2,3041.2,25.406,Gardu Induk Naibonat,0.05377
288,KUPANG,SULAMU,PANTULAN,rice,259,-9.970079869031952,123.6061527437338,True,3451.0,3451.0,25.682,Gardu Induk Tenau,0.07254
289,KUPANG,SULAMU,PARITI,rice,994,-9.98924229109228,123.7251184579774,True,3439.8,3439.8,21.81,Gardu Induk Naibonat,0.27839
290,KUPANG,SULAMU,PITAI,rice,263,-9.986863173539984,123.6531419017718,True,3667.9,3667.9,25.796,Gardu Induk Tenau,0.07366
291,KUPANG,SULAMU,SULAMU,fishing,1292,-10.01619489728041,123.6037731202064,True,2311.4,2311.4,20.605,Gardu Induk Tenau,0.26684
292,KUPANG,TAEBENU,BAUMATA,rice,558,-10.19930597762545,123.6764636896695,True,4316.3,4316.3,7.34,Gardu Induk Maulafa,0.15628
293,KUPANG,TAEBENU,BAUMATA BARAT,government,885,-10.18711830214112,123.6700359971966,True,4366.5,4366.5,7.059,Gardu Induk Maulafa,0.24786
294,KUPANG,TAEBENU,BAUMATA TIMUR,rice,603,-10.2050681046232,123.7067204523786,True,4172.7,4172.7,10.6,Gardu Induk Maulafa,0.16888
295,KUPANG,TAEBENU,BAUMATA UTARA,rice,420,-10.1869485406284,123.7113558961912,True,4156.8,4156.8,11.437,Gardu Induk Maulafa,0.11763
296,KUPANG,TAEBENU,BOKONG,rice,678,-10.20801539002368,123.764619119474,True,3682.0,3682.0,17.024,Gardu Induk Maulafa,0.18988
297,KUPANG,TAEBENU,KUAKLALO,rice,152,-10.2280969049649,123.7107369545831,True,3750.5,3750.5,11.176,Gardu Induk Maulafa,0.04257
298,KUPANG,TAEBENU,OELETSALA,rice,371,-10.24000278971844,123.6975466615567,True,3672.0,3672.0,10.075,Gardu Induk Maulafa,0.1039
299,KUPANG,TAEBENU,OELTUA,rice,952,,,False,,3246.8,,,0.26662
300,KUPANG,TAKARI,BENU,rice,587,-9.95012602103088,124.031785840066,True,4278.7,4278.7,24.612,Gardu Induk Naibonat,0.1644
301,KUPANG,TAKARI,FATUKONA,rice,436,-9.892977547553908,123.9793094637688,True,4010.1,4010.1,26.722,Gardu Induk Naibonat,0.12211
302,KUPANG,TAKARI,HUEKNUTU,rice,595,-9.872575102969382,124.0267264335277,True,4125.9,4125.9,29.785,Gardu Induk Nonohonis,0.16664
303,KUPANG,TAKARI,KAUNIKI,rice,632,-9.814137384371898,124.0441331684746,True,3599.8,3599.8,27.181,Gardu Induk Nonohonis,0.177
304,KUPANG,TAKARI,NOELMINA,rice,578,-9.99467818763396,124.1040986140407,True,3301.1,3301.1,28.091,Gardu Induk Naibonat,0.16188
305,KUPANG,TAKARI,OELNAINENO,rice,661,-9.83055571352519,123.9486283680183,True,3695.4,3695.4,32.287,Gardu Induk Naibonat,0.18512
306,KUPANG,TAKARI,OESUSU,rice,495,-9.99257151762792,124.0186383668872,True,4119.9,4119.9,20.25,Gardu Induk Naibonat,0.13863
307,KUPANG,TAKARI,TAKARI,rice,879,-9.992498035626758,124.0588833934697,True,3803.2,3803.2,23.856,Gardu Induk Naibonat,0.24618
308,KUPANG,TAKARI,TANINI,rice,593,-9.815853859261829,123.8976254918289,True,3224.6,3224.6,33.08,Gardu Induk Naibonat,0.16608
309,KUPANG,TAKARI,TUAPANAF,rice,564,-9.919649405680806,124.0585237521951,True,3698.2,3698.2,28.083,Gardu Induk Nonohonis,0.15796
310,TIMOR TENGAH SELATAN,AMANATUN SELATAN,ANIN,livestock,408,-9.837922205648098,124.5863680138454,True,2433.5,2433.5,33.266,Gardu Induk Nonohonis,0.11427
311,TIMOR TENGAH SELATAN,AMANATUN SELATAN,FAE,rice,228,-9.84958690480842,124.6015685838513,True,2394.5,2394.5,35.068,Gardu Induk Nonohonis,0.06386
312,TIMOR TENGAH SELATAN,AMANATUN SELATAN,FATULUNU,rice,363,-9.86378653639524,124.6268761005017,True,1939.3,1939.3,38.06,Gardu Induk Nonohonis,0.10166
313,TIMOR TENGAH SELATAN,AMANATUN SELATAN,FENUN,rice,543,-9.852462282646542,124.631660711471,True,1985.6,1985.6,38.433,Gardu Induk Nonohonis,0.15208
314,TIMOR TENGAH SELATAN,AMANATUN SELATAN,KOKOI,rice,417,-9.859406194896067,124.6031166069538,True,2216.9,2216.9,35.372,Gardu Induk Nonohonis,0.11679
315,TIMOR TENGAH SELATAN,AMANATUN SELATAN,KUALEU,rice,540,-9.743002571468534,124.3161889742346,True,3144.3,3144.3,8.92,Gardu Induk Nonohonis,0.15124
316,TIMOR TENGAH SELATAN,AMANATUN SELATAN,LANU,rice,268,-9.839189030643269,124.6559686153846,True,2180.7,2180.7,39.027,Gardu Induk Kefamenanu,0.07506
317,TIMOR TENGAH SELATAN,AMANATUN SELATAN,NETUTNANA,rice,375,-9.83809912578772,124.6113206986507,True,2390.8,2390.8,36.039,Gardu Induk Nonohonis,0.10502
318,TIMOR TENGAH SELATAN,AMANATUN SELATAN,NIFULEO,rice,324,-9.800612107930386,124.6002040268813,True,2486.0,2486.0,32.479,Gardu Induk Kefamenanu,0.09074
319,TIMOR TENGAH SELATAN,AMANATUN SELATAN,NUNLEU,rice,677,,,False,,3246.8,,,0.1896
320,TIMOR TENGAH SELATAN,AMANATUN SELATAN,OINLASI,rice,526,-9.852129286818323,124.5808422374266,True,2409.5,2409.5,32.808,Gardu Induk Nonohonis,0.14731
321,TIMOR TENGAH SELATAN,AMANATUN SELATAN,SUNU,rice,384,-9.82367500250686,124.6429967991092,True,2300.9,2300.9,36.808,Gardu Induk Kefamenanu,0.10755
322,TIMOR TENGAH SELATAN,AMANATUN SELATAN,TOI,rice,328,,,False,,3246.8,,,0.09186
323,TIMOR TENGAH SELATAN,AMANATUN UTARA,FATILO,rice,622,,,False,,3246.8,,,0.1742
324,TIMOR TENGAH SELATAN,AMANATUN UTARA,FATUONI,rice,621,,,False,,3246.8,,,0.17392
325,TIMOR TENGAH SELATAN,AMANATUN UTARA,LILO,plantation,514,-9.722499724272216,124.7229316187356,True,2991.5,2991.5,33.31,Gardu Induk Kefamenanu,0.14395
326,TIMOR TENGAH SELATAN,AMANATUN UTARA,MUNA,plantation,362,-9.7011997869158,124.7143342366132,True,2986.8,2986.8,31.055,Gardu Induk Kefamenanu,0.10138
327,TIMOR TENGAH SELATAN,AMANATUN UTARA,NASI,rice,481,-9.717621374524809,124.6633022564091,True,2951.2,2951.2,28.136,Gardu Induk Kefamenanu,0.13471
328,TIMOR TENGAH SELATAN,AMANATUN UTARA,SNOK,rice,652,-9.699250839625774,124.6845548211717,True,2868.2,2868.2,28.36,Gardu Induk Kefamenanu,0.1826
329,TIMOR TENGAH SELATAN,AMANATUN UTARA,SONO,plantation,801,-9.682074350606664,124.7332413474013,True,3080.2,3080.2,31.54,Gardu Induk Kefamenanu,0.22433
330,TIMOR TENGAH SELATAN,AMANATUN UTARA,TAUANAS,plantation,256,-9.719258224252789,124.7475910465569,True,3311.8,3311.8,35.237,Gardu Induk Kefamenanu,0.0717
331,TIMOR TENGAH SELATAN,AMANATUN UTARA,TUMU,plantation,677,-9.656490671197057,124.6895462090754,True,2870.3,2870.3,25.885,Gardu Induk Kefamenanu,0.1896
332,TIMOR TENGAH SELATAN,AMANUBAN BARAT,HAUMENIBAKI,rice,383,,,False,,3246.8,,,0.10727
333,TIMOR TENGAH SELATAN,AMANUBAN BARAT,MNELALETE,horticulture,1946,-9.886961580712324,124.3060476797739,True,3870.7,3870.7,8.145,Gardu Induk Nonohonis,0.54501
334,TIMOR TENGAH SELATAN,AMANUBAN BARAT,NIFUKANI,horticulture,572,-9.908326861780262,124.3010136037307,True,3639.1,3639.1,10.413,Gardu Induk Nonohonis,0.1602
335,TIMOR TENGAH SELATAN,AMANUBAN BARAT,NULLE,horticulture,1221,,,False,,3246.8,,,0.34196
336,TIMOR TENGAH SELATAN,AMANUBAN BARAT,NUSA,rice,639,-9.84743208695813,124.3887513979191,True,2952.0,2952.0,11.699,Gardu Induk Nonohonis,0.17896
337,TIMOR TENGAH SELATAN,AMANUBAN BARAT,PUSU,horticulture,591,-9.906371040820376,124.3303394901466,True,3478.3,3478.3,11.127,Gardu Induk Nonohonis,0.16552
338,TIMOR TENGAH SELATAN,AMANUBAN BARAT,TUBLOPO/MEOMETAN,horticulture,628,,,False,,3246.8,,,0.17588
339,TIMOR TENGAH SELATAN,AMANUBAN BARAT,TUBUHUE,rice,815,-9.891085655494193,124.2504248378222,True,3612.5,3612.5,9.369,Gardu Induk Nonohonis,0.22825
340,TIMOR TENGAH SELATAN,AMANUBAN SELATAN,BATNUN,rice,674,-10.06773548677383,124.2530469755855,True,4036.4,4036.4,28.604,Gardu Induk Nonohonis,0.18876
341,TIMOR TENGAH SELATAN,AMANUBAN SELATAN,BENA,rice,944,-10.12244278722823,124.2426730949113,True,4382.2,4382.2,34.891,Gardu Induk Nonohonis,0.26438
342,TIMOR TENGAH SELATAN,AMANUBAN SELATAN,ENO NETTEN,rice,375,,,False,,3246.8,,,0.10502
343,TIMOR TENGAH SELATAN,AMANUBAN SELATAN,KIUBAAT,rice,520,-10.03157718500616,124.2803325555122,True,3440.4,3440.4,24.262,Gardu Induk Nonohonis,0.14563
344,TIMOR TENGAH SELATAN,AMANUBAN SELATAN,LINAMNUTU,rice,704,-10.03613969616051,124.1879612570709,True,3238.5,3238.5,27.164,Gardu Induk Nonohonis,0.19717
345,TIMOR TENGAH SELATAN,AMANUBAN SELATAN,MIO,rice,523,-9.989528708647835,124.203685721324,True,3411.8,3411.8,21.649,Gardu Induk Nonohonis,0.14647
346,TIMOR TENGAH SELATAN,AMANUBAN SELATAN,NOEMUKE,rice,705,-10.06333066936881,124.3383567999321,True,3312.8,3312.8,28.389,Gardu Induk Nonohonis,0.19745
347,TIMOR TENGAH SELATAN,AMANUBAN SELATAN,OEBELO,rice,966,-10.13255153674344,124.2989267732412,True,4193.3,4193.3,35.683,Gardu Induk Nonohonis,0.27054
348,TIMOR TENGAH SELATAN,AMANUBAN SELATAN,OEKIU,rice,385,-10.07786825500579,124.2947573328839,True,4134.7,4134.7,29.489,Gardu Induk Nonohonis,0.10783
349,TIMOR TENGAH SELATAN,AMANUBAN SELATAN,POLLO,rice,1156,-10.0589194431433,124.2200216053324,True,3826.3,3826.3,28.374,Gardu Induk Nonohonis,0.32376
350,TIMOR TENGAH SELATAN,AMANUBAN TENGAH,BAKI,rice,250,-9.894067038413564,124.478815046357,True,2450.9,2450.9,22.926,Gardu Induk Nonohonis,0.07002
351,TIMOR TENGAH SELATAN,AMANUBAN TENGAH,BONE,rice,274,-9.805264381493012,124.4613017620288,True,3363.0,3363.0,19.306,Gardu Induk Nonohonis,0.07674
352,TIMOR TENGAH SELATAN,AMANUBAN TENGAH,MAUNUM NIKI NIKI,rice,527,,,False,,3246.8,,,0.14759
353,TIMOR TENGAH SELATAN,AMANUBAN TENGAH,NAKFUNU,rice,242,-9.910526417129716,124.5001226795775,True,2453.0,2453.0,25.84,Gardu Induk Nonohonis,0.06778
354,TIMOR TENGAH SELATAN,AMANUBAN TENGAH,NIKI NIKI,rice,768,,,False,,3246.8,,,0.21509
355,TIMOR TENGAH SELATAN,AMANUBAN TENGAH,NOBI NOBI,rice,982,,,False,,3246.8,,,0.27502
356,TIMOR TENGAH SELATAN,AMANUBAN TENGAH,NOEBESA,rice,221,-9.861884153757222,124.4654044630951,True,2852.4,2852.4,20.358,Gardu Induk Nonohonis,0.06189
357,TIMOR TENGAH SELATAN,AMANUBAN TENGAH,OEEKAM,rice,248,,,False,,3246.8,,,0.06946
358,TIMOR TENGAH SELATAN,AMANUBAN TENGAH,SOPO,rice,424,-9.783676649723116,124.4661673776433,True,3230.5,3230.5,20.157,Gardu Induk Nonohonis,0.11875
359,TIMOR TENGAH SELATAN,AMANUBAN TENGAH,TAEBESA,rice,279,-9.9414360237378,124.4908847424014,True,2586.8,2586.8,26.576,Gardu Induk Nonohonis,0.07814
360,TIMOR TENGAH SELATAN,AMANUBAN TENGAH,TUMU,rice,415,-9.866380562003965,124.4822735540707,True,2671.6,2671.6,22.303,Gardu Induk Nonohonis,0.11623
361,TIMOR TENGAH SELATAN,AMANUBAN TIMUR,BILLA,rice,633,-9.655508131793669,124.5692949326444,True,4009.6,4009.6,16.205,Gardu Induk Kefamenanu,0.17728
362,TIMOR TENGAH SELATAN,AMANUBAN TIMUR,MAULEUM,rice,607,-9.745015479371991,124.5620802845378,True,3677.9,3677.9,25.138,Gardu Induk Kefamenanu,0.17
363,TIMOR TENGAH SELATAN,AMANUBAN TIMUR,MNELAANEN,rice,900,-9.713172145695962,124.6088106278617,True,3736.1,3736.1,24.057,Gardu Induk Kefamenanu,0.25206
364,TIMOR TENGAH SELATAN,AMANUBAN TIMUR,NIFUKIU,rice,358,-9.690530842734992,124.6459487405322,True,3315.5,3315.5,24.579,Gardu Induk Kefamenanu,0.10026
365,TIMOR TENGAH SELATAN,AMANUBAN TIMUR,OE EKAM,rice,739,,,False,,3246.8,,,0.20697
366,TIMOR TENGAH SELATAN,AMANUBAN TIMUR,OELET,rice,502,-9.71006451374087,124.5309018969022,True,4299.4,4299.4,20.435,Gardu Induk Kefamenanu,0.14059
367,TIMOR TENGAH SELATAN,AMANUBAN TIMUR,PISAN,rice,533,-9.739276032938095,124.6047045877243,True,3324.9,3324.9,26.382,Gardu Induk Kefamenanu,0.14928
368,TIMOR TENGAH SELATAN,AMANUBAN TIMUR,SINI,rice,153,-9.743967218208516,124.5315524443494,True,3652.7,3652.7,24.21,Gardu Induk Kefamenanu,0.04285
369,TIMOR TENGAH SELATAN,AMANUBAN TIMUR,TELUK,rice,286,-9.715924416911864,124.6435101204999,True,3108.4,3108.4,26.559,Gardu Induk Kefamenanu,0.0801
370,TIMOR TENGAH SELATAN,AMANUBAN TIMUR,TLIU,rice,234,-9.721678506354236,124.5494775237277,True,4257.8,4257.8,22.208,Gardu Induk Kefamenanu,0.06554
371,TIMOR TENGAH SELATAN,BATU PUTIH,BENLUTU,rice,597,-9.898570501936396,124.2156470449313,True,3120.4,3120.4,12.258,Gardu Induk Nonohonis,0.1672
372,TIMOR TENGAH SELATAN,BATU PUTIH,BOENTUKA,rice,575,-9.924282523696489,124.1747093134492,True,3246.8,3246.8,17.513,Gardu Induk Nonohonis,0.16104
373,TIMOR TENGAH SELATAN,BATU PUTIH,HANE,rice,775,-9.922409242055457,124.2284417121573,True,3262.9,3262.9,13.644,Gardu Induk Nonohonis,0.21705
374,TIMOR TENGAH SELATAN,BATU PUTIH,OEBOBO,rice,886,-9.975700283167884,124.1509206327019,True,2993.1,2993.1,23.565,Gardu Induk Nonohonis,0.24814
375,TIMOR TENGAH SELATAN,BATU PUTIH,OEHALA,rice,295,,,False,,3246.8,,,0.08262
376,TIMOR TENGAH SELATAN,BATU PUTIH,TUAKOLE,rice,346,-9.95698451763406,124.1962053698176,True,3376.9,3376.9,18.846,Gardu Induk Nonohonis,0.0969
377,TIMOR TENGAH SELATAN,BATU PUTIH,TUPPAN,rice,391,,,False,,3246.8,,,0.10951
378,TIMOR TENGAH SELATAN,BOKING,BAUS,rice,576,-9.783702027418364,124.776167786042,True,3523.4,3523.4,42.32,Gardu Induk Kefamenanu,0.16132
379,TIMOR TENGAH SELATAN,BOKING,BOKING,rice,556,-9.849011608274386,124.7448182971469,True,2184.4,2184.4,45.345,Gardu Induk Kefamenanu,0.15572
380,TIMOR TENGAH SELATAN,BOKING,FATU MANUFUI,rice,406,-9.80808485848208,124.7712133093098,True,2812.3,2812.3,43.821,Gardu Induk Kefamenanu,0.11371
381,TIMOR TENGAH SELATAN,BOKING,LEONMENI,rice,180,-9.815564875113656,124.7058774372181,True,2474.3,2474.3,39.713,Gardu Induk Kefamenanu,0.05041
382,TIMOR TENGAH SELATAN,BOKING,MEUSIN,rice,510,-9.819039243514446,124.7473646900083,True,3008.6,3008.6,42.916,Gardu Induk Kefamenanu,0.14283
383,TIMOR TENGAH SELATAN,BOKING,NANO,rice,307,-9.843590651642886,124.7141953842238,True,2360.2,2360.2,42.824,Gardu Induk Kefamenanu,0.08598
384,TIMOR TENGAH SELATAN,BOKING,SABUN,rice,519,-9.827883052024614,124.6820998561507,True,2150.2,2150.2,39.369,Gardu Induk Kefamenanu,0.14535
385,TIMOR TENGAH SELATAN,FATUKOPA,BESNAM,rice,123,-9.63363431281408,124.6513986704564,True,3644.1,3644.1,20.917,Gardu Induk Kefamenanu,0.03445
386,TIMOR TENGAH SELATAN,FATUKOPA,ELO,rice,152,,,False,,3246.8,,,0.04257
387,TIMOR TENGAH SELATAN,FATUKOPA,FATUKOPA,rice,664,-9.669968182238955,124.6020516274097,True,4239.8,4239.8,19.624,Gardu Induk Kefamenanu,0.18596
388,TIMOR TENGAH SELATAN,FATUKOPA,KIKI,rice,214,-9.655691029727878,124.6246196631194,True,3980.2,3980.2,20.117,Gardu Induk Kefamenanu,0.05993
389,TIMOR TENGAH SELATAN,FATUKOPA,NIFULINAH,rice,139,-9.650188398338186,124.6346888141646,True,3878.1,3878.1,20.536,Gardu Induk Kefamenanu,0.03893
390,TIMOR TENGAH SELATAN,FATUKOPA,NUNFUTU,rice,209,-9.618334859245618,124.624486015522,True,4047.9,4047.9,17.465,Gardu Induk Kefamenanu,0.05853
391,TIMOR TENGAH SELATAN,FATUKOPA,TAEBONE,rice,301,-9.678509835351504,124.6337309689109,True,3719.9,3719.9,22.658,Gardu Induk Kefamenanu,0.0843
392,TIMOR TENGAH SELATAN,FATUMNASI,FATUMNASI,horticulture,548,-9.617001387913405,124.224818815062,True,614.1,614.1,23.67,Gardu Induk Nonohonis,0.15348
393,TIMOR TENGAH SELATAN,FATUMNASI,KUANOEL,horticulture,414,-9.656662014193012,124.1923511073678,True,680.6,680.6,21.027,Gardu Induk Nonohonis,0.11595
394,TIMOR TENGAH SELATAN,FATUMNASI,MUTIS,rice,165,-9.558802281041316,124.1850666182985,True,1277.3,1277.3,31.344,Gardu Induk Nonohonis,0.04621
395,TIMOR TENGAH SELATAN,FATUMNASI,NENAS,horticulture,342,-9.586302815401282,124.1751001977407,True,1348.4,1348.4,28.943,Gardu Induk Nonohonis,0.09578
396,TIMOR TENGAH SELATAN,FATUMNASI,NUAPIN,rice,496,-9.514620343659272,124.1754636924352,True,1370.2,1370.2,35.491,Gardu Induk Kefamenanu,0.13891
397,TIMOR TENGAH SELATAN,FAUTMOLO,BESLEU,rice,212,,,False,,3246.8,,,0.05937
398,TIMOR TENGAH SELATAN,FAUTMOLO,BILEON,rice,281,-9.787490750748187,124.5384983621947,True,2722.4,2722.4,28.053,Gardu Induk Nonohonis,0.0787
399,TIMOR TENGAH SELATAN,FAUTMOLO,KAENENO,rice,366,-9.775768519933688,124.597133954006,True,2685.5,2685.5,29.75,Gardu Induk Kefamenanu,0.1025
400,TIMOR TENGAH SELATAN,FAUTMOLO,NUNUHAKNITI,rice,320,,,False,,3246.8,,,0.08962
401,TIMOR TENGAH SELATAN,FAUTMOLO,OELEON,rice,346,-9.795581037121122,124.5716427273273,True,2524.9,2524.9,30.913,Gardu Induk Kefamenanu,0.0969
402,TIMOR TENGAH SELATAN,FAUTMOLO,SILLU,rice,221,-9.778567497385584,124.5543590962945,True,2799.4,2799.4,28.558,Gardu Induk Kefamenanu,0.06189
403,TIMOR TENGAH SELATAN,FAUTMOLO,TUNIS,rice,419,-9.765206162003414,124.6125567928331,True,2769.1,2769.1,29.385,Gardu Induk Kefamenanu,0.11735
404,TIMOR TENGAH SELATAN,KIE,BELLE,rice,706,-9.908761516680777,124.5766791465726,True,1885.1,1885.1,33.735,Gardu Induk Nonohonis,0.19773
405,TIMOR TENGAH SELATAN,KIE,BOTI,rice,651,-9.906990315903348,124.5333489315666,True,2118.1,2118.1,29.112,Gardu Induk Nonohonis,0.18232
406,TIMOR TENGAH SELATAN,KIE,ENONAPI,rice,402,,,False,,3246.8,,,0.11259
407,TIMOR TENGAH SELATAN,KIE,FALLAS,rice,662,,,False,,3246.8,,,0.1854
408,TIMOR TENGAH SELATAN,KIE,FATU ULAN,rice,531,,,False,,3246.8,,,0.14871
409,TIMOR TENGAH SELATAN,KIE,FATUKUSI,rice,192,-9.767084216738946,124.501035833271,True,3132.0,3132.0,24.346,Gardu Induk Nonohonis,0.05377
410,TIMOR TENGAH SELATAN,KIE,NAILEU,rice,247,,,False,,3246.8,,,0.06918
411,TIMOR TENGAH SELATAN,KIE,NAPI,rice,515,-9.839417699154492,124.5398677047139,True,2758.5,2758.5,28.12,Gardu Induk Nonohonis,0.14423
412,TIMOR TENGAH SELATAN,KIE,NEKMESE,rice,477,-9.88776366374342,124.560171379632,True,2267.4,2267.4,31.304,Gardu Induk Nonohonis,0.13359
413,TIMOR TENGAH SELATAN,KIE,OENAI,rice,622,-9.856596981177876,124.5141151740367,True,2616.0,2616.0,25.534,Gardu Induk Nonohonis,0.1742
414,TIMOR TENGAH SELATAN,KIE,OINLASI,rice,558,-9.847479029562162,124.3081559845991,True,4012.1,4012.1,4.09,Gardu Induk Nonohonis,0.15628
415,TIMOR TENGAH SELATAN,KIE,PILI,rice,469,,,False,,3246.8,,,0.13135
416,TIMOR TENGAH SELATAN,KIE,TESI AYOFANU,rice,632,,,False,,3246.8,,,0.177
417,TIMOR TENGAH SELATAN,KOKBAUN,BENAHE,rice,112,,,False,,3246.8,,,0.03137
418,TIMOR TENGAH SELATAN,KOKBAUN,KOL OTO,rice,184,,,False,,3246.8,,,0.05153
419,TIMOR TENGAH SELATAN,KOKBAUN,LOTAS,rice,204,-9.607718160755573,124.7656537463396,True,3595.0,3595.0,31.427,Gardu Induk Kefamenanu,0.05713
420,TIMOR TENGAH SELATAN,KOKBAUN,NITI,rice,267,-9.65675700473329,124.7375108000407,True,3216.4,3216.4,30.531,Gardu Induk Kefamenanu,0.07478
421,TIMOR TENGAH SELATAN,KOKBAUN,OBAKI,rice,121,-9.621730069148798,124.7866597930133,True,3708.8,3708.8,34.117,Gardu Induk Kefamenanu,0.03389
422,TIMOR TENGAH SELATAN,KOKBAUN,SABNALA,rice,387,-9.63687336420188,124.741979453039,True,3316.0,3316.0,30.026,Gardu Induk Kefamenanu,0.10839
423,TIMOR TENGAH SELATAN,KOLBANO,BABUIN,rice,634,-9.941547154731497,124.5227683409692,True,2138.4,2138.4,29.653,Gardu Induk Nonohonis,0.17756
424,TIMOR TENGAH SELATAN,KOLBANO,HAUNOBENAK,rice,336,-9.946844917131807,124.5453684498337,True,1765.2,1765.2,32.159,Gardu Induk Nonohonis,0.0941
425,TIMOR TENGAH SELATAN,KOLBANO,KOLBANO,rice,585,-10.03770346867106,124.5192704183541,True,1681.2,1681.2,35.821,Gardu Induk Nonohonis,0.16384
426,TIMOR TENGAH SELATAN,KOLBANO,NOESIU,rice,162,-10.05503638658993,124.511663175576,True,2054.1,2054.1,36.631,Gardu Induk Nonohonis,0.04537
427,TIMOR TENGAH SELATAN,KOLBANO,NUNUNAMAT,rice,677,-9.994582492343843,124.5374909279346,True,1512.4,1512.4,34.237,Gardu Induk Nonohonis,0.1896
428,TIMOR TENGAH SELATAN,KOLBANO,OELEU,rice,704,-9.971015126356995,124.5375544781905,True,1689.5,1689.5,32.753,Gardu Induk Nonohonis,0.19717
429,TIMOR TENGAH SELATAN,KOLBANO,OETUKE,rice,404,-9.992363411306734,124.566651218103,True,1113.0,1113.0,36.78,Gardu Induk Nonohonis,0.11315
430,TIMOR TENGAH SELATAN,KOLBANO,OFU,rice,512,-9.966503881157076,124.4943996274616,True,2450.7,2450.7,28.491,Gardu Induk Nonohonis,0.14339
431,TIMOR TENGAH SELATAN,KOLBANO,PANA,rice,434,-9.9889569744331,124.490381813626,True,2008.8,2008.8,29.725,Gardu Induk Nonohonis,0.12155
432,TIMOR TENGAH SELATAN,KOLBANO,PENE SELATAN,rice,437,-10.02261802585816,124.5051070142679,True,1933.0,1933.0,33.502,Gardu Induk Nonohonis,0.12239
433,TIMOR TENGAH SELATAN,KOLBANO,SEI,rice,559,,,False,,3246.8,,,0.15656
434,TIMOR TENGAH SELATAN,KOLBANO,SPAHA,rice,272,-10.01359033692227,124.5323620169833,True,1437.9,1437.9,35.095,Gardu Induk Nonohonis,0.07618
435,TIMOR TENGAH SELATAN,KOT'OLIN,BINENOK,rice,282,-9.93575573492117,124.6125030462985,True,1493.7,1493.7,38.504,Gardu Induk Nonohonis,0.07898
436,TIMOR TENGAH SELATAN,KOT'OLIN,FATUAT,rice,374,-9.933024188413508,124.6315383236437,True,1266.1,1266.1,40.396,Gardu Induk Nonohonis,0.10474
437,TIMOR TENGAH SELATAN,KOT'OLIN,HOIBETI,rice,662,-9.97669298589292,124.5861126292075,True,1149.3,1149.3,37.745,Gardu Induk Nonohonis,0.1854
438,TIMOR TENGAH SELATAN,KOT'OLIN,KOT OLIN,rice,667,,,False,,3246.8,,,0.1868
439,TIMOR TENGAH SELATAN,KOT'OLIN,NUALUNAT,rice,312,-9.949455057532504,124.6398064055925,True,955.7,955.7,41.895,Gardu Induk Nonohonis,0.08738
440,TIMOR TENGAH SELATAN,KOT'OLIN,NUNBENA,rice,280,-9.932720018996946,124.58100930482,True,1544.2,1544.2,35.11,Gardu Induk Nonohonis,0.07842
441,TIMOR TENGAH SELATAN,KOT'OLIN,O OBIBI,rice,360,,,False,,3246.8,,,0.10082
442,TIMOR TENGAH SELATAN,KOT'OLIN,PANITE,rice,227,,,False,,3246.8,,,0.06357
443,TIMOR TENGAH SELATAN,KOTA SOE,CENDANA,horticulture,731,-9.87649242798037,124.2661797497054,True,4062.2,4062.2,7.155,Gardu Induk Nonohonis,0.20473
444,TIMOR TENGAH SELATAN,KOTA SOE,KAMPUNG BARU,trade,317,-9.85914261476764,124.2784529232442,True,4173.2,4173.2,4.882,Gardu Induk Nonohonis,0.08878
445,TIMOR TENGAH SELATAN,KOTA SOE,KARANG SIRI,government,971,,,False,,3246.8,,,0.27194
446,TIMOR TENGAH SELATAN,KOTA SOE,KOBEKAMUSA,horticulture,438,-9.86793005395802,124.3131387075262,True,3831.7,3831.7,6.382,Gardu Induk Nonohonis,0.12267
447,TIMOR TENGAH SELATAN,KOTA SOE,KOTA BARU,trade,441,-9.855813606630472,124.2836548182585,True,4143.4,4143.4,4.412,Gardu Induk Nonohonis,0.12351
448,TIMOR TENGAH SELATAN,KOTA SOE,KUATAE,horticulture,356,-9.87915636619944,124.2753931267269,True,4040.6,4040.6,7.165,Gardu Induk Nonohonis,0.0997
449,TIMOR TENGAH SELATAN,KOTA SOE,NOEMETO,rice,456,-9.87842357092884,124.2841041140376,True,4034.9,4034.9,6.952,Gardu Induk Nonohonis,0.12771
450,TIMOR TENGAH SELATAN,KOTA SOE,NONOHONIS,horticulture,863,-9.844866751323098,124.2840757990237,True,4087.4,4087.4,3.18,Gardu Induk Nonohonis,0.2417
451,TIMOR TENGAH SELATAN,KOTA SOE,NUNUMEU,government,2477,-9.863414675055733,124.2991537954594,True,4048.5,4048.5,5.379,Gardu Induk Nonohonis,0.69372
452,TIMOR TENGAH SELATAN,KOTA SOE,OEBESA,trade,782,-9.874290236434186,124.29393561291,True,4050.0,4050.0,6.5,Gardu Induk Nonohonis,0.21901
453,TIMOR TENGAH SELATAN,KOTA SOE,OEKEFAN,trade,782,,,False,,3246.8,,,0.21901
454,TIMOR TENGAH SELATAN,KOTA SOE,SO E,trade,918,,,False,,3246.8,,,0.2571
455,TIMOR TENGAH SELATAN,KOTA SOE,TAUBNENO,trade,586,-9.861316562538423,124.285572485754,True,4116.1,4116.1,5.013,Gardu Induk Nonohonis,0.16412
456,TIMOR TENGAH SELATAN,KUALIN,KIUFATU,rice,781,-10.11855401227028,124.3935029511854,True,4112.2,4112.2,36.037,Gardu Induk Nonohonis,0.21873
457,TIMOR TENGAH SELATAN,KUALIN,KUALIN,rice,634,-10.09818035075387,124.4388102688299,True,3336.7,3336.7,35.924,Gardu Induk Nonohonis,0.17756
458,TIMOR TENGAH SELATAN,KUALIN,NUNUSUNU,rice,1008,-10.07630783102569,124.3812587346811,True,2373.1,2373.1,31.077,Gardu Induk Nonohonis,0.28231
459,TIMOR TENGAH SELATAN,KUALIN,OEMAMAN,rice,314,-10.05555285131786,124.461156796449,True,2233.2,2233.2,33.121,Gardu Induk Nonohonis,0.08794
460,TIMOR TENGAH SELATAN,KUALIN,ONI,rice,556,-10.09676574682222,124.4640342007105,True,3127.6,3127.6,37.18,Gardu Induk Nonohonis,0.15572
461,TIMOR TENGAH SELATAN,KUALIN,TOINEKE,rice,863,-10.13128937623475,124.3497530394462,True,4344.7,4344.7,36.173,Gardu Induk Nonohonis,0.2417
462,TIMOR TENGAH SELATAN,KUALIN,TUAFANU,rice,866,-10.1405938350464,124.4070539044276,True,3625.3,3625.3,38.889,Gardu Induk Nonohonis,0.24254
463,TIMOR TENGAH SELATAN,KUALIN,TUAPAKAS,rice,679,-10.07764467856318,124.4942707983433,True,2602.7,2602.7,37.328,Gardu Induk Nonohonis,0.19016
464,TIMOR TENGAH SELATAN,KUAN FATU,BASMUTI,rice,951,-10.00580639911926,124.4111605329297,True,1920.3,1920.3,25.342,Gardu Induk Nonohonis,0.26634
465,TIMOR TENGAH SELATAN,KUAN FATU,KAKAN,rice,496,-9.998920051830185,124.4595563605224,True,1963.5,1963.5,28.036,Gardu Induk Nonohonis,0.13891
466,TIMOR TENGAH SELATAN,KUAN FATU,KELLE,rice,1558,-10.0455862216625,124.3990491765532,True,1225.4,1225.4,28.622,Gardu Induk Nonohonis,0.43634
467,TIMOR TENGAH SELATAN,KUAN FATU,KELLE TUNAN,rice,168,-10.05138172834368,124.4346760650666,True,1611.5,1611.5,31.097,Gardu Induk Nonohonis,0.04705
468,TIMOR TENGAH SELATAN,KUAN FATU,KUANFATU,rice,788,-10.02918233031962,124.4384972347006,True,1417.8,1417.8,29.231,Gardu Induk Nonohonis,0.22069
469,TIMOR TENGAH SELATAN,KUAN FATU,KUSI,rice,428,-10.04112573331887,124.4804377476772,True,2339.1,2339.1,33.15,Gardu Induk Nonohonis,0.11987
470,TIMOR TENGAH SELATAN,KUAN FATU,KUSI UTARA,rice,271,-10.0215662373576,124.4715325044018,True,1814.7,1814.7,30.829,Gardu Induk Nonohonis,0.0759
471,TIMOR TENGAH SELATAN,KUAN FATU,LASI,rice,565,-9.972094041162514,124.4602991589758,True,2374.7,2374.7,25.956,Gardu Induk Nonohonis,0.15824
472,TIMOR TENGAH SELATAN,KUAN FATU,NOEBEBA,rice,205,-9.955484869505536,124.4200950209929,True,2636.7,2636.7,21.449,Gardu Induk Nonohonis,0.05741
473,TIMOR TENGAH SELATAN,KUAN FATU,OEBO,rice,136,-9.998715369499706,124.4519960697269,True,1978.5,1978.5,27.453,Gardu Induk Nonohonis,0.03809
474,TIMOR TENGAH SELATAN,KUAN FATU,OEHAN,rice,196,-9.976755984333002,124.424803855237,True,2265.2,2265.2,23.595,Gardu Induk Nonohonis,0.05489
475,TIMOR TENGAH SELATAN,KUAN FATU,OLAIS,rice,363,-9.940679393040972,124.4438227038307,True,2646.6,2646.6,22.249,Gardu Induk Nonohonis,0.10166
476,TIMOR TENGAH SELATAN,KUAN FATU,TAUPI,rice,184,-10.00106237463019,124.4752553126441,True,2002.2,2002.2,29.423,Gardu Induk Nonohonis,0.05153
477,TIMOR TENGAH SELATAN,KUATNANA,ENONEONTES,rice,399,-9.842727705243188,124.3410897719697,True,3526.9,3526.9,6.556,Gardu Induk Nonohonis,0.11175
478,TIMOR TENGAH SELATAN,KUATNANA,LAKAT,rice,591,-9.880952583455636,124.4078587414935,True,2531.8,2531.8,15.144,Gardu Induk Nonohonis,0.16552
479,TIMOR TENGAH SELATAN,KUATNANA,NAUKAE,rice,577,-9.796243918702793,124.4029936789643,True,3601.5,3601.5,12.983,Gardu Induk Nonohonis,0.1616
480,TIMOR TENGAH SELATAN,KUATNANA,OE UE,rice,264,,,False,,3246.8,,,0.07394
481,TIMOR TENGAH SELATAN,KUATNANA,OOF,rice,558,,,False,,3246.8,,,0.15628
482,TIMOR TENGAH SELATAN,KUATNANA,SUPUL,rice,535,-9.862140511767942,124.4389652200981,True,2806.0,2806.0,17.531,Gardu Induk Nonohonis,0.14984
483,TIMOR TENGAH SELATAN,KUATNANA,TETAF,rice,1152,-9.830777876905888,124.4192597020096,True,3222.6,3222.6,14.662,Gardu Induk Nonohonis,0.32264
484,TIMOR TENGAH SELATAN,KUATNANA,TUBMONAS,rice,384,-9.90570946867099,124.4340968121239,True,2808.5,2808.5,19.075,Gardu Induk Nonohonis,0.10755
485,TIMOR TENGAH SELATAN,MOLLO BARAT,BESANA,rice,452,-9.781016737961526,124.1279990014909,True,2368.3,2368.3,18.301,Gardu Induk Nonohonis,0.12659
486,TIMOR TENGAH SELATAN,MOLLO BARAT,FATUKOKO,rice,370,-9.86169015147978,124.1632238501545,True,3246.0,3246.0,14.808,Gardu Induk Nonohonis,0.10362
487,TIMOR TENGAH SELATAN,MOLLO BARAT,KOA,rice,572,-9.928122386674294,124.1073465116199,True,3349.6,3349.6,23.733,Gardu Induk Nonohonis,0.1602
488,TIMOR TENGAH SELATAN,MOLLO BARAT,OEUBAN,rice,485,,,False,,3246.8,,,0.13583
489,TIMOR TENGAH SELATAN,MOLLO BARAT,SALBAIT,rice,365,-9.863273869346315,124.1202084487327,True,3541.2,3541.2,19.426,Gardu Induk Nonohonis,0.10222
490,TIMOR TENGAH SELATAN,MOLLO SELATAN,BIKEKNENO,rice,261,-9.81428088345298,124.2251443899385,True,2870.2,2870.2,7.036,Gardu Induk Nonohonis,0.0731
491,TIMOR TENGAH SELATAN,MOLLO SELATAN,BILOTO,rice,510,-9.866627334859697,124.2043832912562,True,3019.3,3019.3,10.892,Gardu Induk Nonohonis,0.14283
492,TIMOR TENGAH SELATAN,MOLLO SELATAN,BISENE,rice,197,-9.824899667163203,124.1935637672382,True,2809.2,2809.2,10.582,Gardu Induk Nonohonis,0.05517
493,TIMOR TENGAH SELATAN,MOLLO SELATAN,KESETNANA,rice,1549,-9.857213140141884,124.2468099074648,True,3740.5,3740.5,6.475,Gardu Induk Nonohonis,0.43382
494,TIMOR TENGAH SELATAN,MOLLO SELATAN,KLANI/NOINBILA,plantation,548,,,False,,3246.8,,,0.15348
495,TIMOR TENGAH SELATAN,MOLLO SELATAN,OINLASI,rice,985,-9.847479029562162,124.3081559845991,True,4012.1,4012.1,4.09,Gardu Induk Nonohonis,0.27586
496,TIMOR TENGAH SELATAN,MOLLO SELATAN,TUASENE,rice,480,-9.918121482358345,124.1513612802394,True,3682.8,3682.8,19.048,Gardu Induk Nonohonis,0.13443
497,TIMOR TENGAH SELATAN,MOLLO TENGAH,BINAUS,plantation,275,-9.789617432217684,124.2699184186215,True,3220.2,3220.2,3.711,Gardu Induk Nonohonis,0.07702
498,TIMOR TENGAH SELATAN,MOLLO TENGAH,KUALEU,rice,404,-9.743002571468534,124.3161889742346,True,3144.3,3144.3,8.92,Gardu Induk Nonohonis,0.11315
499,TIMOR TENGAH SELATAN,MOLLO TENGAH,NEKE MANI FETO,rice,206,,,False,,3246.8,,,0.05769
500,TIMOR TENGAH SELATAN,MOLLO TENGAH,OELBUBUK,rice,469,-9.764009854989729,124.2618532803114,True,3005.4,3005.4,6.673,Gardu Induk Nonohonis,0.13135
501,TIMOR TENGAH SELATAN,MOLLO TENGAH,OELEKAM,rice,356,,,False,,3246.8,,,0.0997
502,TIMOR TENGAH SELATAN,MOLLO TENGAH,PIKA,rice,374,-9.778681672077813,124.3289873937403,True,3344.0,3344.0,6.268,Gardu Induk Nonohonis,0.10474
503,TIMOR TENGAH SELATAN,MOLLO UTARA,AJAOBAKI,rice,502,-9.70664059724471,124.2570404432011,True,3278.4,3278.4,12.945,Gardu Induk Nonohonis,0.14059
504,TIMOR TENGAH SELATAN,MOLLO UTARA,BIJAEPUNU,rice,438,-9.681368578573071,124.2715094162258,True,3081.9,3081.9,15.436,Gardu Induk Nonohonis,0.12267
505,TIMOR TENGAH SELATAN,MOLLO UTARA,BOSEN,rice,458,-9.711999100689736,124.3012151871441,True,3155.4,3155.4,11.951,Gardu Induk Nonohonis,0.12827
506,TIMOR TENGAH SELATAN,MOLLO UTARA,EON BESI,horticulture,474,,,False,,3246.8,,,0.13275
507,TIMOR TENGAH SELATAN,MOLLO UTARA,FATUKOTO,horticulture,582,-9.709610919355658,124.2148233776294,True,2332.8,2332.8,14.632,Gardu Induk Nonohonis,0.163
508,TIMOR TENGAH SELATAN,MOLLO UTARA,HALME,rice,154,,,False,,3246.8,,,0.04313
509,TIMOR TENGAH SELATAN,MOLLO UTARA,IUSMOLLO,rice,197,,,False,,3246.8,,,0.05517
510,TIMOR TENGAH SELATAN,MOLLO UTARA,KOKFEU,rice,164,,,False,,3246.8,,,0.04593
511,TIMOR TENGAH SELATAN,MOLLO UTARA,LELOBATAN,horticulture,410,-9.740235521302475,124.1941581194721,True,2250.4,2250.4,13.603,Gardu Induk Nonohonis,0.11483
512,TIMOR TENGAH SELATAN,MOLLO UTARA,LELOBOKO,rice,226,-9.692671962950683,124.1716760717873,True,1580.6,1580.6,19.126,Gardu Induk Nonohonis,0.06329
513,TIMOR TENGAH SELATAN,MOLLO UTARA,NEFOKOKO,rice,310,-9.716652817136366,124.160546457794,True,1899.1,1899.1,18.187,Gardu Induk Nonohonis,0.08682
514,TIMOR TENGAH SELATAN,MOLLO UTARA,NETPALA,horticulture,434,-9.740847401875884,124.2571396895207,True,3103.7,3103.7,9.278,Gardu Induk Nonohonis,0.12155
515,TIMOR TENGAH SELATAN,MOLLO UTARA,OBESI,trade,368,,,False,,3246.8,,,0.10306
516,TIMOR TENGAH SELATAN,MOLLO UTARA,SEBOT,rice,437,-9.69925206012876,124.2760383480694,True,3244.2,3244.2,13.373,Gardu Induk Nonohonis,0.12239
517,TIMOR TENGAH SELATAN,MOLLO UTARA,TAIFTOB,rice,343,-9.732805915126336,124.2955409888711,True,3112.4,3112.4,9.548,Gardu Induk Nonohonis,0.09606
518,TIMOR TENGAH SELATAN,MOLLO UTARA,TOFEN,rice,219,,,False,,3246.8,,,0.06133
519,TIMOR TENGAH SELATAN,MOLLO UTARA,TOMANAT,rice,180,,,False,,3246.8,,,0.05041
520,TIMOR TENGAH SELATAN,MOLLO UTARA,TUNUA,horticulture,518,-9.67495542608419,124.243886209351,True,2380.3,2380.3,16.791,Gardu Induk Nonohonis,0.14507
521,TIMOR TENGAH SELATAN,NOEBANA,FATUMNASI,rice,416,-9.753343530648582,124.6550214844886,True,2681.6,2681.6,30.698,Gardu Induk Kefamenanu,0.11651
522,TIMOR TENGAH SELATAN,NOEBANA,MELLA,rice,352,-9.795454269974575,124.6430841585723,True,2458.7,2458.7,33.999,Gardu Induk Kefamenanu,0.09858
523,TIMOR TENGAH SELATAN,NOEBANA,MNELA PETU,rice,147,,,False,,3246.8,,,0.04117
524,TIMOR TENGAH SELATAN,NOEBANA,NOEBANA,rice,345,-9.768603304911752,124.6381872484404,True,2635.7,2635.7,31.103,Gardu Induk Kefamenanu,0.09662
525,TIMOR TENGAH SELATAN,NOEBANA,SUNI,rice,318,-9.796116220744045,124.6612235208414,True,2528.6,2528.6,35.094,Gardu Induk Kefamenanu,0.08906
526,TIMOR TENGAH SELATAN,NOEBEBA,ENO NABUASA,rice,264,-9.945768631666564,124.3386221256115,True,3313.4,3313.4,15.589,Gardu Induk Nonohonis,0.07394
527,TIMOR TENGAH SELATAN,NOEBEBA,FATUTNANA,rice,258,-10.00769316519934,124.3647613472942,True,2609.0,2609.0,23.167,Gardu Induk Nonohonis,0.07226
528,TIMOR TENGAH SELATAN,NOEBEBA,NAIP,rice,250,-10.037866131358,124.3246420527783,True,3286.2,3286.2,25.283,Gardu Induk Nonohonis,0.07002
529,TIMOR TENGAH SELATAN,NOEBEBA,OE EKAM,rice,771,,,False,,3246.8,,,0.21593
530,TIMOR TENGAH SELATAN,NOEBEBA,OEBAKI,rice,479,-9.947215818196533,124.3752488160054,True,2961.6,2961.6,17.61,Gardu Induk Nonohonis,0.13415
531,TIMOR TENGAH SELATAN,NOEBEBA,OEPLIKI,rice,593,-9.98495081497632,124.3375084529345,True,3032.6,3032.6,19.751,Gardu Induk Nonohonis,0.16608
532,TIMOR TENGAH SELATAN,NOEBEBA,TEAS,rice,721,-9.947697902073736,124.298533445609,True,3184.1,3184.1,14.809,Gardu Induk Nonohonis,0.20193
533,TIMOR TENGAH SELATAN,NUNBENA,FETOMONE,rice,181,,,False,,3246.8,,,0.05069
534,TIMOR TENGAH SELATAN,NUNBENA,LILIANA,rice,261,,,False,,3246.8,,,0.0731
535,TIMOR TENGAH SELATAN,NUNBENA,NOEBESI,rice,364,-9.636380157471262,124.1022337234469,True,2555.4,2555.4,29.073,Gardu Induk Nonohonis,0.10194
536,TIMOR TENGAH SELATAN,NUNBENA,NUNBENA,rice,274,-9.65904460402668,124.1532430717429,True,1210.2,1210.2,23.332,Gardu Induk Nonohonis,0.07674
537,TIMOR TENGAH SELATAN,NUNBENA,TANEOTOP,rice,324,,,False,,3246.8,,,0.09074
538,TIMOR TENGAH SELATAN,NUNBENA,TUNBES,rice,211,-9.653745002964737,124.1288822034891,True,1964.8,1964.8,25.593,Gardu Induk Nonohonis,0.05909
539,TIMOR TENGAH SELATAN,NUNKOLO,FAT,rice,284,-9.870417826961027,124.6737650585195,True,1626.5,1626.5,43.072,Gardu Induk Kefamenanu,0.07954
540,TIMOR TENGAH SELATAN,NUNKOLO,HAUMENI,rice,401,-9.8958968933285,124.6546953357453,True,1461.2,1461.2,41.751,Gardu Induk Nonohonis,0.11231
541,TIMOR TENGAH SELATAN,NUNKOLO,HOINENO,rice,567,,,False,,3246.8,,,0.1588
542,TIMOR TENGAH SELATAN,NUNKOLO,NENOAT,rice,554,-9.891386208264835,124.6957416075937,True,1184.9,1184.9,46.129,Gardu Induk Nonohonis,0.15516
543,TIMOR TENGAH SELATAN,NUNKOLO,NUNKOLO,rice,452,-9.876348339694031,124.7259719986426,True,1467.9,1467.9,46.62,Gardu Induk Kefamenanu,0.12659
544,TIMOR TENGAH SELATAN,NUNKOLO,OP,rice,488,-9.923832074326976,124.6505268642385,True,1097.9,1097.9,42.092,Gardu Induk Nonohonis,0.13667
545,TIMOR TENGAH SELATAN,NUNKOLO,PUTUN,rice,429,-9.872382163575764,124.6631967711542,True,1580.5,1580.5,42.201,Gardu Induk Nonohonis,0.12015
546,TIMOR TENGAH SELATAN,NUNKOLO,SAENAM,rice,327,-9.913216349252444,124.669914526788,True,1229.2,1229.2,43.851,Gardu Induk Nonohonis,0.09158
547,TIMOR TENGAH SELATAN,NUNKOLO,SAHAN,rice,556,-9.898633570204248,124.67844087993,True,1318.1,1318.1,44.4,Gardu Induk Nonohonis,0.15572
548,TIMOR TENGAH SELATAN,OENINO,ABI,rice,338,-9.686413069145448,124.5200451845551,True,3987.1,3987.1,17.587,Gardu Induk Kefamenanu,0.09466
549,TIMOR TENGAH SELATAN,OENINO,HOI,rice,890,-9.796442898550698,124.4365511877775,True,3453.9,3453.9,16.668,Gardu Induk Nonohonis,0.24926
550,TIMOR TENGAH SELATAN,OENINO,NEKE,horticulture,430,-9.731449301875744,124.4987147861366,True,3747.5,3747.5,22.434,Gardu Induk Kefamenanu,0.12043
551,TIMOR TENGAH SELATAN,OENINO,NIKI NIKI UN,rice,273,-9.756098374622924,124.4704557266583,True,3606.1,3606.1,21.415,Gardu Induk Nonohonis,0.07646
552,TIMOR TENGAH SELATAN,OENINO,NOE NONI,rice,449,,,False,,3246.8,,,0.12575
553,TIMOR TENGAH SELATAN,OENINO,OENINO,rice,329,-9.719943268109702,124.4692412976249,True,3855.9,3855.9,21.303,Gardu Induk Kefamenanu,0.09214
554,TIMOR TENGAH SELATAN,OENINO,PENE UTARA,rice,649,-9.758195175893274,124.4111361525,True,3546.2,3546.2,15.205,Gardu Induk Nonohonis,0.18176
555,TIMOR TENGAH SELATAN,POLEN,BALU,rice,181,-9.711667944181247,124.3895174657795,True,3670.5,3670.5,16.39,Gardu Induk Nonohonis,0.05069
556,TIMOR TENGAH SELATAN,POLEN,BIJELI,rice,510,-9.669363999295898,124.3371459882072,True,2956.6,2956.6,17.543,Gardu Induk Nonohonis,0.14283
557,TIMOR TENGAH SELATAN,POLEN,FATUMNUTU,rice,481,-9.603505305301944,124.3357434058539,True,3575.8,3575.8,19.314,Gardu Induk Kefamenanu,0.13471
558,TIMOR TENGAH SELATAN,POLEN,KONBAKI,rice,570,-9.701873661189287,124.4283065212651,True,3911.3,3911.3,20.301,Gardu Induk Nonohonis,0.15964
559,TIMOR TENGAH SELATAN,POLEN,LAOB,rice,323,-9.706992264128251,124.337305543355,True,2983.2,2983.2,13.574,Gardu Induk Nonohonis,0.09046
560,TIMOR TENGAH SELATAN,POLEN,LOLI,rice,516,-9.650900110087312,124.4566558737229,True,4287.3,4287.3,13.956,Gardu Induk Kefamenanu,0.14451
561,TIMOR TENGAH SELATAN,POLEN,MNESATBUBAK,rice,392,,,False,,3246.8,,,0.10979
562,TIMOR TENGAH SELATAN,POLEN,OELNUNUH,rice,255,-9.60801436924914,124.3941583468598,True,3747.9,3747.9,13.963,Gardu Induk Kefamenanu,0.07142
563,TIMOR TENGAH SELATAN,POLEN,PUNA,rice,457,-9.68636936171932,124.4671803945041,True,3964.1,3964.1,17.587,Gardu Induk Kefamenanu,0.12799
564,TIMOR TENGAH SELATAN,POLEN,SAINONI,rice,229,-9.682267939815546,124.3853258316274,True,3592.5,3592.5,18.665,Gardu Induk Nonohonis,0.06414
565,TIMOR TENGAH SELATAN,POLEN,USAPIMNASI,rice,224,-9.629467302976652,124.3414630944486,True,3396.6,3396.6,20.16,Gardu Induk Kefamenanu,0.06273
566,TIMOR TENGAH SELATAN,SANTIAN,MANUFUI,rice,654,-9.781802624909655,124.7288467572265,True,2892.2,2892.2,38.411,Gardu Induk Kefamenanu,0.18316
567,TIMOR TENGAH SELATAN,SANTIAN,NAIFATU,rice,184,-9.792747904173147,124.7082781495775,True,2594.0,2594.0,37.84,Gardu Induk Kefamenanu,0.05153
568,TIMOR TENGAH SELATAN,SANTIAN,NENOTES,rice,276,-9.79586081956807,124.6730883311159,True,2514.8,2514.8,35.789,Gardu Induk Kefamenanu,0.0773
569,TIMOR TENGAH SELATAN,SANTIAN,POLI,rice,830,-9.763088614504593,124.698052739474,True,2737.4,2737.4,34.544,Gardu Induk Kefamenanu,0.23245
570,TIMOR TENGAH SELATAN,SANTIAN,SANTIAN,rice,263,-9.793988930249665,124.6913516297583,True,2450.8,2450.8,36.792,Gardu Induk Kefamenanu,0.07366
571,TIMOR TENGAH SELATAN,TOBU,BESTOBE,rice,249,-9.630474826314057,124.3165520574336,True,3119.9,3119.9,21.303,Gardu Induk Nonohonis,0.06974
572,TIMOR TENGAH SELATAN,TOBU,BONLEU,rice,696,-9.578240719903391,124.2681502232346,True,1544.5,1544.5,25.631,Gardu Induk Kefamenanu,0.19493
573,TIMOR TENGAH SELATAN,TOBU,HUETALAN,rice,158,-9.654345762456172,124.3178501144219,True,2897.9,2897.9,18.667,Gardu Induk Nonohonis,0.04425
574,TIMOR TENGAH SELATAN,TOBU,PUBASU,rice,227,-9.632272747533138,124.2772520046562,True,1918.9,1918.9,20.903,Gardu Induk Nonohonis,0.06357
575,TIMOR TENGAH SELATAN,TOBU,SAUBALAN,rice,120,-9.608564340763076,124.2846223811389,True,2002.7,2002.7,23.547,Gardu Induk Nonohonis,0.03361
576,TIMOR TENGAH SELATAN,TOBU,TOBU,rice,651,-9.669584580279167,124.2984599940268,True,2898.3,2898.3,16.692,Gardu Induk Nonohonis,0.18232
577,TIMOR TENGAH SELATAN,TOBU,TUNE,rice,352,-9.62946316508981,124.2960147979635,True,2617.8,2617.8,21.201,Gardu Induk Nonohonis,0.09858
578,TIMOR TENGAH SELATAN,TOBU,TUTEM,rice,419,-9.649229060395818,124.2627692743848,True,1998.7,1998.7,19.164,Gardu Induk Nonohonis,0.11735
579,TIMOR TENGAH SELATAN,TOIANAS,BOKONG,rice,430,-9.658611666594297,124.7843260039433,True,3680.7,3680.7,35.327,Gardu Induk Kefamenanu,0.12043
580,TIMOR TENGAH SELATAN,TOIANAS,LOBUS,rice,386,-9.7018158384333,124.7879938207821,True,3889.9,3889.9,37.908,Gardu Induk Kefamenanu,0.10811
581,TIMOR TENGAH SELATAN,TOIANAS,MILI,plantation,378,,,False,,3246.8,,,0.10586
582,TIMOR TENGAH SELATAN,TOIANAS,NOEOLIN,rice,181,-9.72553985544803,124.7699135420226,True,3681.8,3681.8,37.665,Gardu Induk Kefamenanu,0.05069
583,TIMOR TENGAH SELATAN,TOIANAS,OELEU,rice,352,-9.750313851015353,124.740685490113,True,3117.5,3117.5,36.861,Gardu Induk Kefamenanu,0.09858
584,TIMOR TENGAH SELATAN,TOIANAS,SAMBET,plantation,601,,,False,,3246.8,,,0.16832
585,TIMOR TENGAH SELATAN,TOIANAS,SKINU,rice,778,-9.755487563434976,124.7792489015562,True,3999.7,3999.7,40.525,Gardu Induk Kefamenanu,0.21789
586,TIMOR TENGAH SELATAN,TOIANAS,TOIANAS,rice,693,-9.723593118159416,124.7921573097372,True,4087.3,4087.3,39.591,Gardu Induk Kefamenanu,0.19409
587,TIMOR TENGAH SELATAN,TOIANAS,TUATAUM,rice,587,-9.675434451118418,124.8022514184929,True,4081.7,4081.7,37.93,Gardu Induk Kefamenanu,0.1644
588,TIMOR TENGAH UTARA,BIBOKI ANLEU,KOTAFOUN,rice,431,-9.156222729227585,124.7461266666716,True,3822.2,3822.2,15.41,Gardu Induk Atambua,0.12071
589,TIMOR TENGAH UTARA,BIBOKI ANLEU,MAUKABATAN,rice,346,-9.09792504194338,124.74584545085,True,3973.4,3973.4,13.059,Gardu Induk Atapupu,0.0969
590,TIMOR TENGAH UTARA,BIBOKI ANLEU,MOTADIK,rice,561,-9.052905902472183,124.7958105508754,True,3129.5,3129.5,5.768,Gardu Induk Atapupu,0.15712
591,TIMOR TENGAH UTARA,BIBOKI ANLEU,NIFUTASI,rice,374,-9.219182619016404,124.7119075139628,True,3316.4,3316.4,22.674,Gardu Induk Atambua,0.10474
592,TIMOR TENGAH UTARA,BIBOKI ANLEU,NONATBATAN,rice,394,,,False,,3246.8,,,0.11035
593,TIMOR TENGAH UTARA,BIBOKI ANLEU,OEMANU,rice,270,-9.16695630108591,124.6695983437637,True,4137.6,4137.6,23.602,Gardu Induk Atambua,0.07562
594,TIMOR TENGAH UTARA,BIBOKI ANLEU,PONU,rice,1328,-9.142087879699414,124.7025348494499,True,4223.0,4223.0,19.182,Gardu Induk Atambua,0.37193
595,TIMOR TENGAH UTARA,BIBOKI ANLEU,SIFANIHA,rice,277,-9.133370648224902,124.7864009176635,True,4095.3,4095.3,10.239,Gardu Induk Atambua,0.07758
596,TIMOR TENGAH UTARA,BIBOKI ANLEU,TUAMESE,manufacturing,359,-9.077702930484634,124.7139016542808,True,2376.8,2376.8,14.102,Gardu Induk Atapupu,0.10054
597,TIMOR TENGAH UTARA,BIBOKI FEOTLEU,BIRUNATUN,rice,217,-9.190011057687528,124.7950311631856,True,3413.0,3413.0,13.997,Gardu Induk Atambua,0.06077
598,TIMOR TENGAH UTARA,BIBOKI FEOTLEU,KULUAN,rice,220,-9.260827987154077,124.7499862927586,True,2931.1,2931.1,23.424,Gardu Induk Atambua,0.06161
599,TIMOR TENGAH UTARA,BIBOKI FEOTLEU,MAKUN,rice,238,-9.249111825787612,124.7875278761034,True,3375.7,3375.7,20.212,Gardu Induk Atambua,0.06666
600,TIMOR TENGAH UTARA,BIBOKI FEOTLEU,MANUMEAN,rice,137,-9.217168485097448,124.7623641149002,True,3532.7,3532.7,18.618,Gardu Induk Atambua,0.03837
601,TIMOR TENGAH UTARA,BIBOKI FEOTLEU,NAKU,rice,330,-9.229060078265055,124.8178630938234,True,3434.5,3434.5,16.845,Gardu Induk Atambua,0.09242
602,TIMOR TENGAH UTARA,BIBOKI MOENLEU,KAUBELE,rice,264,-9.22350791813584,124.635936398378,True,4144.5,4144.5,29.831,Gardu Induk Atambua,0.07394
603,TIMOR TENGAH UTARA,BIBOKI MOENLEU,LUNIUP,rice,252,-9.27338737431236,124.6772938410255,True,3364.8,3364.8,29.665,Gardu Induk Atambua,0.07058
604,TIMOR TENGAH UTARA,BIBOKI MOENLEU,MATABESI,rice,125,-9.242349819929103,124.6544738348748,True,3829.4,3829.4,29.298,Gardu Induk Atambua,0.03501
605,TIMOR TENGAH UTARA,BIBOKI MOENLEU,OEPUAH,rice,521,-9.16630160234926,124.6319821989797,True,3353.8,3353.8,27.448,Gardu Induk Atapupu,0.14591
606,TIMOR TENGAH UTARA,BIBOKI MOENLEU,OEPUAH SELATAN,rice,286,-9.201829606474778,124.6312673033131,True,4178.4,4178.4,29.114,Gardu Induk Atambua,0.0801
607,TIMOR TENGAH UTARA,BIBOKI MOENLEU,OEPUAH UTARA,rice,483,-9.171291344910026,124.6020083700312,True,2677.1,2677.1,30.389,Gardu Induk Atapupu,0.13527
608,TIMOR TENGAH UTARA,BIBOKI MOENLEU,TUNBES,rice,146,-9.292176977641097,124.680264832716,True,3101.6,3101.6,30.979,Gardu Induk Atambua,0.04089
609,TIMOR TENGAH UTARA,BIBOKI SELATAN,OENAEM,rice,161,-9.37584851315052,124.6631840978486,True,3658.3,3658.3,25.876,Gardu Induk Kefamenanu,0.04509
610,TIMOR TENGAH UTARA,BIBOKI SELATAN,PANTAE,rice,271,-9.377264503256786,124.6426700618618,True,3623.2,3623.2,24.145,Gardu Induk Kefamenanu,0.0759
611,TIMOR TENGAH UTARA,BIBOKI SELATAN,SAINIUP,rice,288,-9.344463872623445,124.6847313191888,True,2896.9,2896.9,30.063,Gardu Induk Kefamenanu,0.08066
612,TIMOR TENGAH UTARA,BIBOKI SELATAN,SUPUN,rice,347,-9.362293930111662,124.6947941789106,True,2969.6,2969.6,29.516,Gardu Induk Kefamenanu,0.09718
613,TIMOR TENGAH UTARA,BIBOKI SELATAN,TAUTPAH,rice,325,-9.310282897054178,124.7420889892001,True,2708.0,2708.0,28.662,Gardu Induk Atambua,0.09102
614,TIMOR TENGAH UTARA,BIBOKI SELATAN,TOKBESI,rice,236,-9.329360922218246,124.7096009332898,True,2769.6,2769.6,32.356,Gardu Induk Atambua,0.0661
615,TIMOR TENGAH UTARA,BIBOKI SELATAN,TUNBAEN,rice,289,-9.329069031428457,124.6564208184984,True,3268.2,3268.2,29.267,Gardu Induk Kefamenanu,0.08094
616,TIMOR TENGAH UTARA,BIBOKI SELATAN,UPFAON,rice,504,,,False,,3246.8,,,0.14115
617,TIMOR TENGAH UTARA,BIBOKI TANPAH,OEKOPA,rice,496,-9.33109128418707,124.7863776622827,True,3880.2,3880.2,28.874,Gardu Induk Atambua,0.13891
618,TIMOR TENGAH UTARA,BIBOKI TANPAH,OERINBESI,rice,435,-9.347670828753362,124.7907846083405,True,3932.0,3932.0,30.522,Gardu Induk Atambua,0.12183
619,TIMOR TENGAH UTARA,BIBOKI TANPAH,T EBA,rice,521,,,False,,3246.8,,,0.14591
620,TIMOR TENGAH UTARA,BIBOKI TANPAH,T EBA TIMUR,rice,557,,,False,,3246.8,,,0.156
621,TIMOR TENGAH UTARA,BIBOKI UTARA,BILOE,rice,361,-9.29203675019966,124.8080780610486,True,3770.0,3770.0,23.959,Gardu Induk Atambua,0.1011
622,TIMOR TENGAH UTARA,BIBOKI UTARA,BORONUBAEN,rice,405,-9.296840805359798,124.8407970600552,True,4251.3,4251.3,23.789,Gardu Induk Atambua,0.11343
623,TIMOR TENGAH UTARA,BIBOKI UTARA,BORONUBAEN TIMUR,rice,311,,,False,,3246.8,,,0.0871
624,TIMOR TENGAH UTARA,BIBOKI UTARA,HAUTEAS,rice,321,,,False,,3246.8,,,0.0899
625,TIMOR TENGAH UTARA,BIBOKI UTARA,HAUTEAS BARAT,rice,196,-9.288162305719077,124.8183997517415,True,3810.8,3810.8,23.252,Gardu Induk Atambua,0.05489
626,TIMOR TENGAH UTARA,BIBOKI UTARA,LOKOMEA,rice,247,-9.26278108822493,124.841614591396,True,3819.0,3819.0,19.966,Gardu Induk Atambua,0.06918
627,TIMOR TENGAH UTARA,BIBOKI UTARA,SAPAEN,rice,210,-9.302569423349818,124.7685033703328,True,3224.1,3224.1,26.575,Gardu Induk Atambua,0.05881
628,TIMOR TENGAH UTARA,BIBOKI UTARA,TAUNBAEN,rice,234,-9.292908454458551,124.7807079730251,True,3414.8,3414.8,25.039,Gardu Induk Atambua,0.06554
629,TIMOR TENGAH UTARA,BIBOKI UTARA,TAUNBAEN TIMUR,rice,183,-9.292752035764607,124.7923885351236,True,3627.1,3627.1,24.561,Gardu Induk Atambua,0.05125
630,TIMOR TENGAH UTARA,BIBOKI UTARA,TUALENE,rice,545,,,False,,3246.8,,,0.15264
631,TIMOR TENGAH UTARA,BIKOMI NILULAT,HAUMENI ANA,rice,320,-9.497349126441351,124.3467028463878,True,2035.4,2035.4,16.851,Gardu Induk Kefamenanu,0.08962
632,TIMOR TENGAH UTARA,BIKOMI NILULAT,INBATE,rice,312,-9.426391778937116,124.3848384425845,True,3155.1,3155.1,17.066,Gardu Induk Kefamenanu,0.08738
633,TIMOR TENGAH UTARA,BIKOMI NILULAT,NAINABAN,rice,213,-9.439030514623235,124.367166099326,True,2556.8,2556.8,17.624,Gardu Induk Kefamenanu,0.05965
634,TIMOR TENGAH UTARA,BIKOMI NILULAT,NILULAT,rice,158,-9.502756570485287,124.3292978408429,True,1750.3,1750.3,18.618,Gardu Induk Kefamenanu,0.04425
635,TIMOR TENGAH UTARA,BIKOMI NILULAT,SUNKAEN,rice,134,-9.463258934112256,124.3656582684028,True,2840.5,2840.5,16.277,Gardu Induk Kefamenanu,0.03753
636,TIMOR TENGAH UTARA,BIKOMI NILULAT,TUBU,rice,160,-9.500764421030356,124.3093055724587,True,1454.4,1454.4,20.848,Gardu Induk Kefamenanu,0.04481
637,TIMOR TENGAH UTARA,BIKOMI SELATAN,KIUSILI,rice,268,-9.480112221012948,124.4428731070746,True,4345.6,4345.6,8.214,Gardu Induk Kefamenanu,0.07506
638,TIMOR TENGAH UTARA,BIKOMI SELATAN,MAURISU,rice,109,-9.562376573501444,124.6203184764886,True,3809.2,3809.2,14.48,Gardu Induk Kefamenanu,0.03053
639,TIMOR TENGAH UTARA,BIKOMI SELATAN,MAURISU SELATAN,rice,188,-9.565712892923331,124.6838396606005,True,3197.9,3197.9,21.484,Gardu Induk Kefamenanu,0.05265
640,TIMOR TENGAH UTARA,BIKOMI SELATAN,MAURISU TENGAH,rice,115,-9.56979404603055,124.6692840596787,True,3249.6,3249.6,19.981,Gardu Induk Kefamenanu,0.03221
641,TIMOR TENGAH UTARA,BIKOMI SELATAN,MAURISU UTARA,rice,135,-9.540555677631223,124.6181865334918,True,3999.1,3999.1,13.88,Gardu Induk Kefamenanu,0.03781
642,TIMOR TENGAH UTARA,BIKOMI SELATAN,NAIOLA,rice,492,-9.536954026508532,124.5001650031466,True,4394.5,4394.5,0.853,Gardu Induk Kefamenanu,0.13779
643,TIMOR TENGAH UTARA,BIKOMI SELATAN,NAIOLA TIMUR,rice,235,-9.539855557425454,124.5438353138968,True,4252.3,4252.3,5.632,Gardu Induk Kefamenanu,0.06582
644,TIMOR TENGAH UTARA,BIKOMI SELATAN,OELAMI,rice,515,-9.484113462963403,124.4636230174683,True,4399.7,4399.7,6.44,Gardu Induk Kefamenanu,0.14423
645,TIMOR TENGAH UTARA,BIKOMI SELATAN,OETALUS,rice,195,-9.499031830091663,124.4571983463552,True,4414.4,4414.4,5.577,Gardu Induk Kefamenanu,0.05461
646,TIMOR TENGAH UTARA,BIKOMI SELATAN,TUBLOPO,rice,405,-9.523256430022036,124.5691827294183,True,4422.5,4422.5,8.467,Gardu Induk Kefamenanu,0.11343
647,TIMOR TENGAH UTARA,BIKOMI TENGAH,BUK,rice,233,-9.418641722988571,124.4026290467734,True,3782.0,3782.0,16.399,Gardu Induk Kefamenanu,0.06526
648,TIMOR TENGAH UTARA,BIKOMI TENGAH,KUANEK,rice,167,,,False,,3246.8,,,0.04677
649,TIMOR TENGAH UTARA,BIKOMI TENGAH,NIMASI,rice,231,-9.447999730187547,124.4244537866741,True,4304.9,4304.9,12.294,Gardu Induk Kefamenanu,0.0647
650,TIMOR TENGAH UTARA,BIKOMI TENGAH,OELBONAK,rice,172,-9.423089668943916,124.4201308625464,True,4138.0,4138.0,14.85,Gardu Induk Kefamenanu,0.04817
651,TIMOR TENGAH UTARA,BIKOMI TENGAH,OENENU,rice,276,-9.432227835249508,124.4546697826278,True,4060.4,4060.4,12.158,Gardu Induk Kefamenanu,0.0773
652,TIMOR TENGAH UTARA,BIKOMI TENGAH,OENENU SELATAN,rice,275,-9.44310225118947,124.4454143472212,True,4251.8,4251.8,11.466,Gardu Induk Kefamenanu,0.07702
653,TIMOR TENGAH UTARA,BIKOMI TENGAH,OENENU UTARA,rice,323,-9.426904798924529,124.4364257236736,True,4158.9,4158.9,13.55,Gardu Induk Kefamenanu,0.09046
654,TIMOR TENGAH UTARA,BIKOMI TENGAH,OENINO,rice,315,-9.467375150716151,124.4295602938562,True,4239.2,4239.2,10.277,Gardu Induk Kefamenanu,0.08822
655,TIMOR TENGAH UTARA,BIKOMI TENGAH,SONO,rice,192,-9.399436098336947,124.390261787013,True,2826.9,2826.9,18.955,Gardu Induk Kefamenanu,0.05377
656,TIMOR TENGAH UTARA,BIKOMI UTARA,BAAS,rice,105,-9.410249160849665,124.4212529148227,True,3950.3,3950.3,16.015,Gardu Induk Kefamenanu,0.02941
657,TIMOR TENGAH UTARA,BIKOMI UTARA,BANAIN,rice,199,,,False,,3246.8,,,0.05573
658,TIMOR TENGAH UTARA,BIKOMI UTARA,BANAIN B,rice,123,-9.351547829848922,124.4136549484026,True,1795.5,1795.5,22.315,Gardu Induk Kefamenanu,0.03445
659,TIMOR TENGAH UTARA,BIKOMI UTARA,BANAIN C,rice,157,-9.346915928841478,124.4327479787061,True,1814.6,1814.6,22.05,Gardu Induk Kefamenanu,0.04397
660,TIMOR TENGAH UTARA,BIKOMI UTARA,FAENNAKE,rice,260,,,False,,3246.8,,,0.07282
661,TIMOR TENGAH UTARA,BIKOMI UTARA,HAUMENI,rice,194,-9.398651563463908,124.4137684627966,True,3679.2,3679.2,17.565,Gardu Induk Kefamenanu,0.05433
662,TIMOR TENGAH UTARA,BIKOMI UTARA,NAPAN,rice,301,-9.364883425371351,124.3940062356602,True,1825.6,1825.6,21.965,Gardu Induk Kefamenanu,0.0843
663,TIMOR TENGAH UTARA,BIKOMI UTARA,SAINONI,rice,185,-9.38310948433367,124.412653312059,True,3202.4,3202.4,19.156,Gardu Induk Kefamenanu,0.05181
664,TIMOR TENGAH UTARA,BIKOMI UTARA,TES,rice,176,-9.381428089790322,124.3953279688313,True,2475.4,2475.4,20.296,Gardu Induk Kefamenanu,0.04929
665,TIMOR TENGAH UTARA,INSANA,AINIUT,rice,320,-9.471126238086354,124.7030735724205,True,3611.0,3611.0,24.32,Gardu Induk Kefamenanu,0.08962
666,TIMOR TENGAH UTARA,INSANA,BITAUNI,rice,349,-9.458192472121556,124.6658394051294,True,4382.2,4382.2,20.927,Gardu Induk Kefamenanu,0.09774
667,TIMOR TENGAH UTARA,INSANA,BOTOF,rice,201,-9.436012842290872,124.6728275198871,True,4069.1,4069.1,22.733,Gardu Induk Kefamenanu,0.05629
668,TIMOR TENGAH UTARA,INSANA,FATOIN,rice,443,-9.448236914794563,124.7003015277074,True,3496.7,3496.7,24.896,Gardu Induk Kefamenanu,0.12407
669,TIMOR TENGAH UTARA,INSANA,FATUANA,rice,218,,,False,,3246.8,,,0.06105
670,TIMOR TENGAH UTARA,INSANA,KEUN,rice,294,-9.397611999172836,124.6589779559906,True,3936.9,3936.9,23.899,Gardu Induk Kefamenanu,0.08234
671,TIMOR TENGAH UTARA,INSANA,LOERAM,rice,316,-9.470982815176004,124.7459894378804,True,2749.3,2749.3,28.934,Gardu Induk Kefamenanu,0.0885
672,TIMOR TENGAH UTARA,INSANA,MANUNAIN A,rice,433,-9.42651866687359,124.6930927921612,True,3570.8,3570.8,25.226,Gardu Induk Kefamenanu,0.12127
673,TIMOR TENGAH UTARA,INSANA,MANUNAIN B,rice,283,-9.42699721641094,124.6674325917306,True,4157.6,4157.6,22.726,Gardu Induk Kefamenanu,0.07926
674,TIMOR TENGAH UTARA,INSANA,NANSEAN,rice,237,-9.526961004445315,124.6578119702133,True,4018.4,4018.4,18.276,Gardu Induk Kefamenanu,0.06638
675,TIMOR TENGAH UTARA,INSANA,NANSEAN TIMUR,rice,134,-9.534498636820436,124.6826109639169,True,3725.2,3725.2,21.025,Gardu Induk Kefamenanu,0.03753
676,TIMOR TENGAH UTARA,INSANA,NUNMAFO,rice,552,-9.427531678126078,124.7171317104791,True,2833.8,2833.8,27.56,Gardu Induk Kefamenanu,0.1546
677,TIMOR TENGAH UTARA,INSANA,OINBIT,rice,639,,,False,,3246.8,,,0.17896
678,TIMOR TENGAH UTARA,INSANA,SEKON,rice,272,-9.473699952093812,124.6264818569262,True,4389.7,4389.7,16.213,Gardu Induk Kefamenanu,0.07618
679,TIMOR TENGAH UTARA,INSANA,SUSULAKU,rice,281,-9.501675209101624,124.6835289186569,True,4035.3,4035.3,21.417,Gardu Induk Kefamenanu,0.0787
680,TIMOR TENGAH UTARA,INSANA,SUSULAKU B,rice,192,-9.535711435598042,124.7263712328115,True,3563.1,3563.1,25.898,Gardu Induk Kefamenanu,0.05377
681,TIMOR TENGAH UTARA,INSANA,TAPENPAH,rice,309,-9.455262280476305,124.6396115830936,True,4440.2,4440.2,18.447,Gardu Induk Kefamenanu,0.08654
682,TIMOR TENGAH UTARA,INSANA BARAT,BANAE,rice,473,,,False,,3246.8,,,0.13247
683,TIMOR TENGAH UTARA,INSANA BARAT,DESA ADMEN,rice,287,,,False,,3246.8,,,0.08038
684,TIMOR TENGAH UTARA,INSANA BARAT,LAPEOM,rice,236,-9.49333727228955,124.543710393855,True,4297.2,4297.2,7.127,Gardu Induk Kefamenanu,0.0661
685,TIMOR TENGAH UTARA,INSANA BARAT,LETNEO,rice,306,-9.465458051436656,124.6042053526275,True,4148.8,4148.8,14.457,Gardu Induk Kefamenanu,0.0857
686,TIMOR TENGAH UTARA,INSANA BARAT,LETNEO SELATAN,rice,180,-9.512147408937173,124.6208337134522,True,4353.2,4353.2,14.338,Gardu Induk Kefamenanu,0.05041
687,TIMOR TENGAH UTARA,INSANA BARAT,NIFUNENAS,rice,186,-9.482455828150645,124.5557275636498,True,4166.6,4166.6,8.94,Gardu Induk Kefamenanu,0.05209
688,TIMOR TENGAH UTARA,INSANA BARAT,OABIKASE,rice,103,-9.500436876200556,124.5583284571463,True,4293.7,4293.7,8.065,Gardu Induk Kefamenanu,0.02885
689,TIMOR TENGAH UTARA,INSANA BARAT,SUBUN,rice,190,-9.457651922556469,124.5453940998185,True,3732.7,3732.7,10.248,Gardu Induk Kefamenanu,0.05321
690,TIMOR TENGAH UTARA,INSANA BARAT,SUBUN BESTOBE,rice,142,-9.452004126567449,124.5553765680462,True,3719.9,3719.9,11.413,Gardu Induk Kefamenanu,0.03977
691,TIMOR TENGAH UTARA,INSANA BARAT,SUBUN TUALELE,rice,180,-9.477446182700197,124.5384413599886,True,4126.8,4126.8,7.988,Gardu Induk Kefamenanu,0.05041
692,TIMOR TENGAH UTARA,INSANA BARAT,UNINI,rice,379,,,False,,3246.8,,,0.10614
693,TIMOR TENGAH UTARA,INSANA BARAT,USAPINONOT,rice,206,-9.491272165406132,124.5656722168342,True,4187.7,4187.7,9.279,Gardu Induk Kefamenanu,0.05769
694,TIMOR TENGAH UTARA,INSANA FAFINESU,BANUAN,rice,168,,,False,,3246.8,,,0.04705
695,TIMOR TENGAH UTARA,INSANA FAFINESU,FAFINESU,rice,201,-9.381578967073963,124.5732510788281,True,3121.0,3121.0,19.226,Gardu Induk Kefamenanu,0.05629
696,TIMOR TENGAH UTARA,INSANA FAFINESU,FAFINESU A,rice,443,-9.398107801919592,124.5985553282011,True,3759.2,3759.2,19.164,Gardu Induk Kefamenanu,0.12407
697,TIMOR TENGAH UTARA,INSANA FAFINESU,FAFINESU B,rice,316,-9.368112550376232,124.5484613605139,True,2691.2,2691.2,19.56,Gardu Induk Kefamenanu,0.0885
698,TIMOR TENGAH UTARA,INSANA FAFINESU,FAFINESU C,rice,319,-9.359927368180315,124.5850439648639,True,3154.7,3154.7,21.999,Gardu Induk Kefamenanu,0.08934
699,TIMOR TENGAH UTARA,INSANA FAFINESU,OENAIN,rice,134,-9.342344933458122,124.5398980014864,True,2829.3,2829.3,22.1,Gardu Induk Kefamenanu,0.03753
700,TIMOR TENGAH UTARA,INSANA TENGAH,LANAUS,rice,498,-9.408404265561453,124.6288969451724,True,4077.5,4077.5,20.579,Gardu Induk Kefamenanu,0.13947
701,TIMOR TENGAH UTARA,INSANA TENGAH,LETMAFO,rice,548,-9.430868570977117,124.6093381054003,True,4046.7,4046.7,17.262,Gardu Induk Kefamenanu,0.15348
702,TIMOR TENGAH UTARA,INSANA TENGAH,LETMAFO TIMUR,rice,275,-9.430592401189,124.6293793557428,True,4254.8,4254.8,19.002,Gardu Induk Kefamenanu,0.07702
703,TIMOR TENGAH UTARA,INSANA TENGAH,MAUBESI,rice,862,-9.409866081100368,124.5670007895355,True,3303.4,3303.4,16.095,Gardu Induk Kefamenanu,0.24142
704,TIMOR TENGAH UTARA,INSANA TENGAH,OEHALO,rice,115,-9.3703734201779,124.6031647642798,True,3470.2,3470.2,22.01,Gardu Induk Kefamenanu,0.03221
705,TIMOR TENGAH UTARA,INSANA TENGAH,SONE,rice,199,-9.333773885893525,124.621303081691,True,3587.0,3587.0,26.573,Gardu Induk Kefamenanu,0.05573
706,TIMOR TENGAH UTARA,INSANA TENGAH,TAINSALA,rice,559,-9.243576747510684,124.6004131226989,True,4028.6,4028.6,34.387,Gardu Induk Atambua,0.15656
707,TIMOR TENGAH UTARA,INSANA UTARA,FATUMTASA,rice,293,-9.277293305265516,124.5456761291403,True,2910.2,2910.2,29.406,Gardu Induk Kefamenanu,0.08206
708,TIMOR TENGAH UTARA,INSANA UTARA,HUMUSU A,rice,320,,,False,,3246.8,,,0.08962
709,TIMOR TENGAH UTARA,INSANA UTARA,HUMUSU B,rice,546,,,False,,3246.8,,,0.15292
710,TIMOR TENGAH UTARA,INSANA UTARA,HUMUSU WINI,rice,1101,,,False,,3246.8,,,0.30835
711,TIMOR TENGAH UTARA,INSANA UTARA,OESOKO,rice,368,-9.189980611089736,124.5700851185448,True,2540.2,2540.2,34.494,Gardu Induk Atapupu,0.10306
712,TIMOR TENGAH UTARA,KOTA KEFAMENANU,APLASI,government,662,-9.435613573486927,124.4914628044842,True,3273.1,3273.1,10.974,Gardu Induk Kefamenanu,0.1854
713,TIMOR TENGAH UTARA,KOTA KEFAMENANU,BANSONE,government,782,-9.449027936544516,124.4617106074184,True,4145.8,4145.8,10.107,Gardu Induk Kefamenanu,0.21901
714,TIMOR TENGAH UTARA,KOTA KEFAMENANU,BENPASI,horticulture,1211,-9.4615172426852,124.4728085893852,True,4168.5,4168.5,8.378,Gardu Induk Kefamenanu,0.33916
715,TIMOR TENGAH UTARA,KOTA KEFAMENANU,KEFAMENANU SELATAN,trade,1759,-9.464092130676306,124.4843451436987,True,4078.5,4078.5,7.827,Gardu Induk Kefamenanu,0.49264
716,TIMOR TENGAH UTARA,KOTA KEFAMENANU,KEFAMENANU TENGAH,trade,1391,-9.446428215241236,124.4820751889329,True,3715.3,3715.3,9.837,Gardu Induk Kefamenanu,0.38957
717,TIMOR TENGAH UTARA,KOTA KEFAMENANU,KEFAMENANU UTARA,rice,745,-9.433771995117771,124.4717136458582,True,3650.7,3650.7,11.445,Gardu Induk Kefamenanu,0.20865
718,TIMOR TENGAH UTARA,KOTA KEFAMENANU,MAUBELI,government,1429,-9.48696322520408,124.4870160923602,True,4384.5,4384.5,5.23,Gardu Induk Kefamenanu,0.40021
719,TIMOR TENGAH UTARA,KOTA KEFAMENANU,SASI,rice,1869,-9.505562056077244,124.5044110057403,True,4513.6,4513.6,3.298,Gardu Induk Kefamenanu,0.52344
720,TIMOR TENGAH UTARA,KOTA KEFAMENANU,TUBUHUE,rice,1409,-9.462370382537022,124.5151371446027,True,3727.6,3727.6,8.3,Gardu Induk Kefamenanu,0.39461
721,TIMOR TENGAH UTARA,MIOMAFFO BARAT,EBAN,rice,631,-9.545393253120547,124.3188600869213,True,2550.5,2550.5,19.52,Gardu Induk Kefamenanu,0.17672
722,TIMOR TENGAH UTARA,MIOMAFFO BARAT,FATUNENO,rice,403,-9.530336155161796,124.276611133301,True,1661.1,1661.1,24.173,Gardu Induk Kefamenanu,0.11287
723,TIMOR TENGAH UTARA,MIOMAFFO BARAT,FATUNISUAN,rice,485,-9.579450390249502,124.3724930182839,True,3528.7,3528.7,14.488,Gardu Induk Kefamenanu,0.13583
724,TIMOR TENGAH UTARA,MIOMAFFO BARAT,FATUTASU,rice,310,-9.563807169465628,124.3622348169946,True,3121.0,3121.0,15.052,Gardu Induk Kefamenanu,0.08682
725,TIMOR TENGAH UTARA,MIOMAFFO BARAT,HAULASI,rice,285,-9.554321089632426,124.3844132032371,True,3135.4,3135.4,12.411,Gardu Induk Kefamenanu,0.07982
726,TIMOR TENGAH UTARA,MIOMAFFO BARAT,LEMON,rice,130,-9.570966670710469,124.3164282243323,True,3223.2,3223.2,20.203,Gardu Induk Kefamenanu,0.03641
727,TIMOR TENGAH UTARA,MIOMAFFO BARAT,MANUSASI,rice,237,-9.51059057508932,124.2882773867248,True,1502.8,1502.8,23.01,Gardu Induk Kefamenanu,0.06638
728,TIMOR TENGAH UTARA,MIOMAFFO BARAT,NOELTOKO,rice,189,,,False,,3246.8,,,0.05293
729,TIMOR TENGAH UTARA,MIOMAFFO BARAT,NOEPESU,rice,447,-9.551041277425856,124.274540282363,True,1872.2,1872.2,24.489,Gardu Induk Kefamenanu,0.12519
730,TIMOR TENGAH UTARA,MIOMAFFO BARAT,SAENAM,rice,203,-9.53212022118815,124.3010321182085,True,2168.1,2168.1,21.453,Gardu Induk Kefamenanu,0.05685
731,TIMOR TENGAH UTARA,MIOMAFFO BARAT,SALLU,rice,583,-9.547591570869082,124.3370825876286,True,2477.2,2477.2,17.519,Gardu Induk Kefamenanu,0.16328
732,TIMOR TENGAH UTARA,MIOMAFFO BARAT,SATAB,rice,88,,,False,,3246.8,,,0.02465
733,TIMOR TENGAH UTARA,MIOMAFFO BARAT,SUANAE,rice,257,-9.583652976230606,124.3268161664517,True,3505.9,3505.9,19.449,Gardu Induk Kefamenanu,0.07198
734,TIMOR TENGAH UTARA,MIOMAFFO TENGAH,AKOMI,rice,230,-9.55683490594048,124.4185484397352,True,3846.6,3846.6,8.799,Gardu Induk Kefamenanu,0.06442
735,TIMOR TENGAH UTARA,MIOMAFFO TENGAH,BIJAEPASU,rice,420,-9.53188469489777,124.4282945624265,True,3764.0,3764.0,7.287,Gardu Induk Kefamenanu,0.11763
736,TIMOR TENGAH UTARA,MIOMAFFO TENGAH,NIAN,rice,492,,,False,,3246.8,,,0.13779
737,TIMOR TENGAH UTARA,MIOMAFFO TENGAH,NOENASI,rice,179,,,False,,3246.8,,,0.05013
738,TIMOR TENGAH UTARA,MIOMAFFO TENGAH,TUABATAN,rice,181,-9.53010324471256,124.4026058809923,True,3047.8,3047.8,10.15,Gardu Induk Kefamenanu,0.05069
739,TIMOR TENGAH UTARA,MIOMAFFO TENGAH,TUABATAN BARAT,rice,180,-9.540415752131205,124.3947865023939,True,3049.7,3049.7,11.05,Gardu Induk Kefamenanu,0.05041
740,TIMOR TENGAH UTARA,MIOMAFFO TIMUR,AMOL,rice,344,-9.394301332696152,124.4585152127078,True,3395.6,3395.6,16.117,Gardu Induk Kefamenanu,0.09634
741,TIMOR TENGAH UTARA,MIOMAFFO TIMUR,BITEFA,rice,382,-9.36697470104315,124.4603971284692,True,2794.3,2794.3,19.08,Gardu Induk Kefamenanu,0.10699
742,TIMOR TENGAH UTARA,MIOMAFFO TIMUR,BOKON,rice,134,-9.351540790536417,124.4794995734195,True,2481.7,2481.7,20.518,Gardu Induk Kefamenanu,0.03753
743,TIMOR TENGAH UTARA,MIOMAFFO TIMUR,FATUSENE,rice,140,-9.386479245907678,124.4810688033563,True,2733.9,2733.9,16.575,Gardu Induk Kefamenanu,0.03921
744,TIMOR TENGAH UTARA,MIOMAFFO TIMUR,FEMNASI,rice,244,-9.4016349658072,124.5101276312765,True,2246.2,2246.2,14.917,Gardu Induk Kefamenanu,0.06834
745,TIMOR TENGAH UTARA,MIOMAFFO TIMUR,JAK,rice,187,-9.349708793184842,124.5140755263862,True,2408.5,2408.5,20.787,Gardu Induk Kefamenanu,0.05237
746,TIMOR TENGAH UTARA,MIOMAFFO TIMUR,KAENBAUN,rice,150,,,False,,3246.8,,,0.04201
747,TIMOR TENGAH UTARA,MIOMAFFO TIMUR,OESENA,rice,822,-9.417162095485216,124.466740665189,True,3568.7,3568.7,13.395,Gardu Induk Kefamenanu,0.23021
748,TIMOR TENGAH UTARA,MIOMAFFO TIMUR,TAEKAS,rice,382,-9.408688169735557,124.4885292467935,True,2728.6,2728.6,14.021,Gardu Induk Kefamenanu,0.10699
749,TIMOR TENGAH UTARA,MIOMAFFO TIMUR,TUNOE,rice,247,-9.350536093674084,124.5280443020943,True,2488.2,2488.2,20.922,Gardu Induk Kefamenanu,0.06918
750,TIMOR TENGAH UTARA,MIOMAFFO TIMUR,TUNTUN,rice,247,-9.36690770305138,124.5063596368377,True,2211.2,2211.2,18.776,Gardu Induk Kefamenanu,0.06918
751,TIMOR TENGAH UTARA,MUSI,AINAN,rice,118,-9.483832015600948,124.4238683077858,True,3897.5,3897.5,9.544,Gardu Induk Kefamenanu,0.03305
752,TIMOR TENGAH UTARA,MUSI,BATNES,rice,264,-9.509836111931325,124.335884777626,True,1927.0,1927.0,17.764,Gardu Induk Kefamenanu,0.07394
753,TIMOR TENGAH UTARA,MUSI,BISAFE,rice,99,-9.455887937749567,124.3913754706531,True,3750.7,3750.7,14.327,Gardu Induk Kefamenanu,0.02773
754,TIMOR TENGAH UTARA,MUSI,OELNEKE,rice,228,-9.48861286782568,124.4021312364453,True,3439.6,3439.6,11.354,Gardu Induk Kefamenanu,0.06386
755,TIMOR TENGAH UTARA,MUSI,OEOLO,rice,334,-9.475124952003698,124.3808475084066,True,3357.9,3357.9,14.155,Gardu Induk Kefamenanu,0.09354
756,TIMOR TENGAH UTARA,MUSI,OETULU,rice,336,-9.51015648818351,124.3719919777716,True,2255.9,2255.9,13.793,Gardu Induk Kefamenanu,0.0941
757,TIMOR TENGAH UTARA,MUTIS,NAEKAKE A,rice,462,-9.40859292823706,124.2084170836568,True,2654.5,2654.5,34.719,Gardu Induk Kefamenanu,0.12939
758,TIMOR TENGAH UTARA,MUTIS,NAEKAKE B,rice,240,-9.428201706279332,124.1839210917899,True,2147.4,2147.4,36.455,Gardu Induk Kefamenanu,0.06722
759,TIMOR TENGAH UTARA,MUTIS,NOELELO,rice,177,-9.446768716199148,124.1619547046586,True,1834.4,1834.4,38.191,Gardu Induk Kefamenanu,0.04957
760,TIMOR TENGAH UTARA,MUTIS,TASINIFU,rice,1039,-9.467290254491818,124.2471835443509,True,2082.8,2082.8,28.426,Gardu Induk Kefamenanu,0.29099
761,TIMOR TENGAH UTARA,NAIBENU,BAKITOLAS,rice,429,-9.304408065171282,124.4829696115819,True,2490.6,2490.6,25.802,Gardu Induk Kefamenanu,0.12015
762,TIMOR TENGAH UTARA,NAIBENU,BENUS,rice,251,-9.286328771835157,124.4961668032304,True,2632.8,2632.8,27.815,Gardu Induk Kefamenanu,0.0703
763,TIMOR TENGAH UTARA,NAIBENU,MANAMAS,rice,376,-9.23500759920654,124.4844672255029,True,1029.0,1029.0,33.618,Gardu Induk Kefamenanu,0.1053
764,TIMOR TENGAH UTARA,NAIBENU,SUNSEA,rice,336,-9.326034969673648,124.4736606839645,True,2093.9,2093.9,23.441,Gardu Induk Kefamenanu,0.0941
765,TIMOR TENGAH UTARA,NOEMUTI,BANFANU,rice,385,-9.565723443681618,124.4506556211577,True,4289.5,4289.5,6.067,Gardu Induk Kefamenanu,0.10783
766,TIMOR TENGAH UTARA,NOEMUTI,BIJELI,rice,213,-9.597304375917268,124.4917705260732,True,4414.3,4414.3,7.283,Gardu Induk Kefamenanu,0.05965
767,TIMOR TENGAH UTARA,NOEMUTI,FATUMUTI,rice,325,-9.564031537744238,124.4898969597621,True,4326.2,4326.2,3.549,Gardu Induk Kefamenanu,0.09102
768,TIMOR TENGAH UTARA,NOEMUTI,KIUOLA,rice,292,-9.60179957936134,124.4518823785036,True,4254.6,4254.6,9.075,Gardu Induk Kefamenanu,0.08178
769,TIMOR TENGAH UTARA,NOEMUTI,NIBAAF,rice,221,-9.592391156338811,124.5406987541955,True,3871.1,3871.1,8.517,Gardu Induk Kefamenanu,0.06189
770,TIMOR TENGAH UTARA,NOEMUTI,NIFUBOKE,rice,337,-9.600664745631034,124.5100132093936,True,4299.6,4299.6,7.87,Gardu Induk Kefamenanu,0.09438
771,TIMOR TENGAH UTARA,NOEMUTI,NOEBAUN,rice,406,-9.61283476139488,124.4846840259598,True,4410.1,4410.1,9.089,Gardu Induk Kefamenanu,0.11371
772,TIMOR TENGAH UTARA,NOEMUTI,NOEMUTI,rice,202,-9.560485564487257,124.4803220658817,True,4342.3,4342.3,3.462,Gardu Induk Kefamenanu,0.05657
773,TIMOR TENGAH UTARA,NOEMUTI,OENAK,rice,288,-9.570812845767325,124.5158034954925,True,4200.3,4200.3,4.942,Gardu Induk Kefamenanu,0.08066
774,TIMOR TENGAH UTARA,NOEMUTI,OEPERIGI,rice,110,-9.644013555197606,124.5035055101952,True,4086.0,4086.0,12.6,Gardu Induk Kefamenanu,0.03081
775,TIMOR TENGAH UTARA,NOEMUTI,POPNAM,rice,467,-9.635535450731236,124.5363760398934,True,3912.4,3912.4,12.53,Gardu Induk Kefamenanu,0.13079
776,TIMOR TENGAH UTARA,NOEMUTI,S E O,rice,171,,,False,,3246.8,,,0.04789
777,TIMOR TENGAH UTARA,NOEMUTI TIMUR,HAEKTO,rice,332,-9.58840536165261,124.6228701437838,True,3809.9,3809.9,15.684,Gardu Induk Kefamenanu,0.09298
778,TIMOR TENGAH UTARA,NOEMUTI TIMUR,KUAKEN,rice,188,-9.571291157519244,124.5511941525382,True,3835.2,3835.2,7.73,Gardu Induk Kefamenanu,0.05265
779,TIMOR TENGAH UTARA,NOEMUTI TIMUR,MANIKIN,rice,266,-9.581588648751696,124.5913862636056,True,3573.3,3573.3,12.184,Gardu Induk Kefamenanu,0.0745
780,TIMOR TENGAH UTARA,NOEMUTI TIMUR,NAOB,rice,376,-9.608688912055142,124.5778094292306,True,3658.6,3658.6,12.686,Gardu Induk Kefamenanu,0.1053
